"","URL_of_Anchor","Request_URL","URL_Length","having_At_Symbol","Prefix_Suffix","having_Sub_Domain","having_IP_address","Result"
"1",0,1,1,1,-1,0,1,-1
"2",0,1,0,1,-1,-1,1,-1
"5",0,1,0,1,-1,1,-1,1
"6",-1,-1,0,1,-1,-1,1,-1
"10",0,-1,1,1,-1,0,1,1
"12",-1,-1,1,1,-1,0,-1,-1
"15",-1,-1,-1,-1,-1,0,1,-1
"24",0,-1,-1,-1,-1,1,1,1
"36",-1,-1,0,1,-1,-1,1,-1
"37",-1,-1,0,1,-1,-1,1,-1
"38",1,1,1,1,1,-1,1,1
"42",-1,-1,-1,1,-1,-1,1,-1
"45",0,1,1,1,-1,0,1,1
"46",0,1,1,1,1,-1,-1,1
"48",-1,1,0,1,-1,-1,1,-1
"51",0,0,1,1,-1,1,1,1
"53",0,-1,-1,1,-1,1,1,-1
"57",0,1,-1,1,0,1,1,1
"63",0,-1,-1,1,-1,-1,1,-1
"79",1,1,-1,1,-1,-1,-1,1
"80",-1,-1,-1,1,-1,0,1,-1
"84",0,1,0,1,-1,1,1,1
"85",-1,-1,-1,1,-1,0,-1,-1
"87",0,1,1,1,-1,-1,1,1
"88",1,1,-1,1,1,1,1,1
"98",-1,-1,-1,1,-1,-1,-1,-1
"104",0,1,-1,1,-1,-1,1,1
"112",0,1,-1,1,-1,1,1,-1
"113",1,1,-1,1,1,-1,1,1
"116",-1,1,1,1,-1,1,-1,-1
"119",1,1,-1,1,-1,1,1,1
"120",0,-1,-1,1,-1,-1,1,1
"123",0,-1,-1,1,-1,0,1,1
"125",0,1,1,1,0,0,1,1
"128",0,-1,-1,1,1,0,1,1
"129",0,-1,-1,1,-1,-1,1,-1
"136",0,1,-1,1,-1,-1,1,-1
"141",-1,1,1,-1,-1,0,1,-1
"143",0,-1,-1,1,-1,1,1,-1
"151",0,1,-1,1,-1,1,1,1
"155",0,1,-1,1,-1,1,1,1
"158",0,-1,-1,1,-1,0,1,1
"160",0,1,-1,1,-1,1,1,1
"162",-1,-1,-1,1,-1,0,-1,-1
"169",0,1,-1,1,1,0,1,1
"175",1,1,-1,1,1,-1,1,1
"180",0,1,-1,1,-1,-1,1,1
"182",0,1,-1,1,-1,1,-1,1
"185",0,-1,-1,1,-1,-1,1,-1
"189",0,1,-1,1,-1,0,1,1
"191",0,1,-1,1,-1,0,1,-1
"196",0,1,1,1,-1,0,1,1
"199",0,0,-1,1,1,1,1,1
"206",0,-1,-1,1,-1,1,1,1
"207",0,1,-1,0,-1,1,1,1
"208",0,1,1,1,-1,1,1,1
"218",0,1,-1,1,-1,-1,1,-1
"219",0,1,-1,1,-1,1,1,1
"223",-1,1,1,1,-1,0,1,-1
"227",1,1,-1,1,-1,-1,1,1
"229",0,-1,-1,1,-1,-1,1,-1
"233",0,-1,-1,1,-1,-1,1,1
"234",1,-1,1,1,-1,0,-1,1
"236",0,-1,-1,1,-1,-1,1,1
"240",0,1,-1,1,-1,1,1,1
"244",-1,1,-1,1,-1,-1,1,-1
"247",0,1,1,1,-1,-1,-1,-1
"248",0,-1,-1,1,-1,-1,0,-1
"250",-1,-1,-1,1,-1,-1,1,-1
"251",-1,1,-1,0,-1,0,-1,-1
"252",0,-1,-1,1,-1,-1,1,1
"254",0,-1,-1,1,-1,-1,1,-1
"257",-1,-1,-1,1,-1,0,1,-1
"259",0,1,-1,1,-1,0,1,1
"264",-1,1,-1,1,-1,-1,1,-1
"267",1,1,-1,1,1,0,1,1
"268",1,1,-1,-1,1,1,1,1
"269",0,1,1,1,1,0,-1,1
"271",0,1,1,1,1,1,-1,1
"273",0,1,-1,1,-1,-1,1,1
"277",0,1,-1,1,-1,0,1,1
"278",1,-1,-1,1,-1,-1,1,-1
"285",0,1,-1,1,-1,-1,1,-1
"287",1,1,-1,-1,-1,-1,1,1
"289",-1,1,-1,1,-1,0,1,-1
"298",0,1,-1,1,-1,-1,1,1
"299",0,-1,-1,1,-1,0,1,-1
"303",-1,1,-1,1,-1,-1,1,-1
"306",1,1,-1,1,0,1,1,1
"315",-1,-1,-1,1,-1,-1,1,-1
"317",0,-1,-1,1,-1,1,1,1
"319",0,1,-1,1,-1,0,1,-1
"322",1,-1,-1,1,-1,1,1,1
"326",-1,-1,1,1,-1,0,1,-1
"328",0,-1,-1,1,-1,-1,1,-1
"338",0,-1,-1,1,-1,-1,1,-1
"353",0,-1,-1,1,-1,0,1,1
"357",0,1,0,1,1,0,1,1
"360",-1,1,-1,1,-1,-1,1,-1
"364",0,1,-1,1,-1,0,1,1
"366",0,1,1,1,0,1,1,1
"368",0,1,-1,1,-1,-1,-1,-1
"371",0,1,-1,1,-1,1,1,1
"373",1,1,-1,1,-1,1,1,1
"374",-1,-1,-1,1,-1,-1,1,-1
"375",0,1,1,1,-1,0,1,1
"376",1,1,-1,1,1,1,1,1
"379",0,1,-1,1,-1,-1,1,1
"381",1,1,-1,1,-1,-1,1,1
"383",0,-1,-1,1,-1,0,1,-1
"384",0,1,-1,1,-1,0,0,-1
"388",1,1,-1,1,-1,1,1,1
"393",-1,-1,-1,1,-1,-1,1,-1
"395",1,1,-1,1,-1,1,1,1
"396",1,-1,-1,0,1,0,1,1
"397",0,1,1,1,-1,1,1,1
"404",0,1,1,1,-1,1,1,1
"410",0,1,0,1,-1,1,1,1
"412",0,1,-1,1,1,-1,1,1
"416",0,1,-1,1,-1,-1,1,-1
"421",-1,-1,-1,1,-1,-1,1,-1
"434",-1,1,-1,-1,-1,-1,1,-1
"435",1,-1,-1,1,1,-1,-1,1
"436",-1,-1,-1,-1,-1,0,1,-1
"438",1,1,-1,1,-1,0,0,1
"440",0,1,-1,1,-1,1,1,1
"441",-1,1,-1,1,-1,0,1,-1
"445",0,1,-1,1,-1,-1,1,1
"447",0,1,-1,1,1,-1,-1,1
"448",0,1,-1,1,-1,-1,1,-1
"451",-1,0,-1,1,-1,0,1,-1
"452",-1,1,1,1,-1,-1,-1,-1
"453",0,-1,-1,1,-1,1,1,-1
"454",-1,-1,-1,1,-1,0,1,-1
"455",1,1,-1,-1,-1,1,1,1
"456",0,-1,0,1,1,1,1,1
"467",-1,1,-1,-1,-1,0,1,-1
"468",0,1,1,1,-1,-1,1,1
"469",0,1,1,1,-1,0,1,1
"475",-1,1,1,1,-1,-1,-1,-1
"477",-1,-1,-1,1,-1,0,1,-1
"478",-1,-1,-1,1,-1,-1,-1,-1
"483",0,1,-1,0,-1,-1,1,-1
"484",0,-1,-1,1,0,0,1,1
"486",0,-1,-1,1,-1,0,1,1
"488",1,1,1,1,-1,1,1,1
"498",-1,-1,-1,1,-1,-1,1,-1
"505",1,1,-1,1,1,1,-1,1
"506",1,1,-1,1,-1,0,1,1
"513",0,-1,-1,1,-1,1,1,1
"515",-1,-1,-1,1,-1,0,1,-1
"517",1,1,1,1,-1,-1,1,1
"522",0,-1,-1,1,-1,1,0,-1
"527",1,1,-1,1,-1,-1,1,1
"529",0,1,-1,1,-1,1,1,1
"536",1,1,-1,1,-1,0,1,1
"540",-1,1,-1,1,-1,0,1,-1
"542",0,1,1,1,-1,-1,-1,1
"544",1,1,-1,1,-1,-1,1,1
"545",0,1,-1,1,-1,1,1,1
"549",-1,1,-1,1,-1,0,1,-1
"550",0,1,-1,1,1,-1,1,1
"552",1,-1,-1,1,1,1,1,1
"554",1,0,-1,-1,-1,1,0,1
"561",0,1,1,1,-1,1,1,1
"567",0,1,0,1,-1,0,1,1
"569",1,1,1,0,1,-1,1,1
"575",0,1,-1,1,1,-1,1,1
"581",0,1,-1,1,-1,-1,1,1
"582",0,1,-1,1,1,-1,1,1
"584",-1,-1,-1,1,-1,-1,1,-1
"586",1,1,-1,1,-1,-1,1,1
"588",0,1,-1,1,-1,-1,1,1
"590",0,-1,-1,1,-1,1,-1,1
"591",0,1,-1,1,-1,1,1,1
"592",0,-1,-1,1,-1,0,1,1
"594",1,1,-1,1,-1,0,1,1
"596",0,1,-1,1,-1,-1,1,1
"597",1,-1,-1,1,1,1,1,1
"600",0,1,-1,1,-1,-1,1,-1
"603",0,1,-1,1,-1,1,1,1
"610",0,1,-1,1,-1,0,1,1
"617",-1,1,-1,1,-1,0,1,-1
"618",0,1,-1,1,-1,-1,1,-1
"619",0,1,-1,1,-1,1,1,1
"622",-1,1,-1,1,-1,-1,1,-1
"623",-1,1,-1,1,-1,-1,1,-1
"624",-1,1,1,1,-1,0,1,-1
"627",0,1,-1,1,-1,1,1,1
"628",-1,-1,-1,1,-1,0,1,-1
"629",-1,-1,-1,1,-1,-1,1,-1
"633",-1,-1,1,1,-1,0,-1,-1
"636",0,1,-1,1,-1,-1,1,1
"637",0,1,-1,1,-1,-1,1,1
"641",-1,-1,-1,1,-1,-1,1,-1
"653",0,-1,-1,1,-1,-1,1,1
"654",-1,-1,-1,-1,-1,-1,1,-1
"660",-1,1,1,1,-1,-1,1,-1
"664",-1,-1,-1,1,-1,-1,1,-1
"669",1,-1,-1,1,1,0,1,1
"671",1,-1,-1,1,1,-1,1,1
"672",0,1,-1,1,1,1,1,1
"679",1,1,1,1,-1,1,1,1
"681",0,-1,-1,1,-1,-1,1,1
"682",1,1,1,1,1,-1,1,1
"685",0,1,1,1,-1,-1,1,1
"687",-1,-1,0,1,-1,0,1,-1
"688",0,-1,-1,1,-1,-1,-1,1
"690",0,-1,-1,1,-1,-1,1,-1
"694",-1,1,1,-1,-1,-1,1,-1
"698",0,-1,-1,1,-1,-1,1,1
"704",0,1,-1,1,-1,-1,1,-1
"705",1,-1,-1,1,-1,1,1,1
"707",-1,-1,-1,1,-1,0,-1,-1
"715",0,1,1,1,0,-1,1,1
"717",0,1,-1,1,1,1,1,1
"718",0,-1,-1,1,-1,-1,1,-1
"720",-1,-1,-1,1,-1,0,1,-1
"721",0,-1,-1,1,-1,0,1,1
"723",-1,-1,-1,-1,-1,-1,1,-1
"724",-1,-1,-1,1,-1,-1,1,-1
"725",0,-1,-1,1,-1,1,1,1
"729",1,-1,-1,1,-1,0,0,1
"731",-1,1,-1,1,-1,-1,1,-1
"732",0,-1,-1,1,1,-1,1,1
"740",0,1,-1,1,-1,-1,1,-1
"742",0,1,-1,1,-1,0,1,1
"754",1,1,-1,0,-1,-1,1,1
"758",0,1,-1,1,-1,0,1,1
"772",0,-1,-1,1,-1,-1,1,-1
"773",-1,-1,-1,1,-1,0,1,-1
"784",-1,1,-1,1,-1,0,1,-1
"786",1,-1,-1,1,-1,-1,1,-1
"787",0,1,-1,1,-1,-1,1,1
"792",0,1,1,1,-1,1,1,1
"795",-1,1,0,1,-1,-1,1,-1
"798",0,1,-1,1,-1,1,0,1
"804",0,1,-1,-1,-1,1,1,1
"805",1,-1,0,-1,1,-1,1,1
"807",1,1,-1,1,-1,1,1,1
"808",-1,-1,-1,1,-1,0,1,-1
"811",0,-1,-1,1,-1,1,1,-1
"813",-1,1,1,1,-1,-1,1,-1
"814",-1,1,-1,1,-1,0,1,-1
"816",0,-1,-1,1,-1,-1,1,-1
"818",1,1,-1,1,1,1,1,1
"820",0,1,-1,1,-1,0,1,1
"823",-1,1,-1,1,-1,0,1,-1
"824",1,-1,-1,1,1,-1,1,1
"825",0,-1,-1,0,-1,0,1,1
"830",0,1,1,-1,-1,-1,1,1
"843",1,1,-1,1,1,1,1,1
"846",1,1,-1,1,-1,-1,1,-1
"847",0,1,-1,1,-1,1,1,1
"851",0,-1,-1,1,-1,0,1,1
"852",0,1,1,1,-1,-1,1,1
"853",0,1,-1,1,-1,1,1,1
"855",1,1,-1,1,-1,1,1,1
"857",0,1,-1,1,-1,-1,1,1
"859",-1,1,-1,1,-1,0,1,-1
"860",0,-1,-1,1,-1,1,1,1
"862",0,1,1,1,-1,-1,-1,1
"864",1,-1,-1,1,-1,-1,1,-1
"871",1,1,-1,1,-1,0,1,1
"872",0,-1,-1,1,-1,1,1,1
"876",1,1,-1,1,1,-1,-1,1
"880",1,1,-1,1,1,1,1,1
"885",1,1,-1,1,-1,-1,-1,1
"888",-1,1,-1,1,-1,0,1,-1
"891",0,-1,-1,1,-1,1,1,-1
"895",0,1,-1,1,1,0,1,1
"897",1,1,-1,1,1,-1,1,1
"900",0,-1,-1,1,-1,1,1,-1
"911",0,1,-1,1,-1,0,-1,1
"912",-1,-1,1,1,-1,0,1,-1
"923",-1,-1,1,-1,-1,-1,1,-1
"924",1,1,-1,1,-1,-1,1,1
"927",-1,-1,-1,1,-1,-1,-1,-1
"929",0,1,-1,1,-1,-1,1,1
"930",-1,-1,-1,1,-1,1,1,-1
"931",-1,-1,-1,1,-1,1,1,-1
"932",0,-1,-1,1,-1,-1,1,-1
"933",0,1,-1,1,-1,-1,1,-1
"934",0,0,-1,1,-1,-1,1,-1
"935",1,-1,-1,1,-1,1,1,1
"943",-1,0,-1,1,-1,0,1,-1
"945",0,1,-1,1,-1,-1,-1,1
"947",0,-1,-1,1,-1,0,1,-1
"950",1,1,1,1,-1,0,1,1
"952",1,1,-1,0,-1,0,1,1
"953",-1,1,1,1,-1,-1,1,-1
"967",0,-1,-1,1,-1,-1,1,-1
"968",-1,1,1,1,-1,0,1,-1
"973",0,1,1,1,-1,-1,1,-1
"978",0,-1,-1,1,-1,-1,1,-1
"991",-1,-1,-1,1,-1,-1,1,-1
"992",0,-1,-1,1,-1,-1,1,-1
"993",0,1,1,1,-1,0,1,1
"995",0,-1,-1,1,-1,-1,1,1
"998",-1,-1,-1,1,-1,0,1,-1
"999",1,-1,-1,1,-1,-1,1,1
"1000",0,1,-1,1,-1,1,1,-1
"1009",0,1,-1,1,-1,-1,1,-1
"1010",0,1,-1,1,-1,1,1,1
"1012",-1,-1,-1,1,-1,-1,1,-1
"1016",-1,1,-1,1,-1,-1,1,-1
"1018",0,-1,-1,1,-1,1,-1,1
"1019",-1,1,-1,1,-1,0,1,-1
"1021",0,1,-1,1,-1,-1,1,1
"1032",1,1,1,1,-1,0,1,-1
"1034",0,-1,-1,1,-1,0,1,-1
"1047",0,-1,-1,0,-1,-1,1,1
"1048",-1,-1,-1,1,-1,0,1,-1
"1051",1,-1,-1,-1,1,-1,1,1
"1062",-1,-1,-1,-1,-1,-1,1,-1
"1065",-1,-1,-1,1,-1,0,1,-1
"1072",1,1,-1,0,-1,1,1,1
"1074",0,-1,-1,1,-1,-1,1,-1
"1077",0,1,-1,1,-1,-1,1,-1
"1083",-1,-1,-1,1,-1,0,1,-1
"1086",-1,-1,-1,1,-1,0,-1,-1
"1093",-1,1,-1,-1,-1,0,1,-1
"1098",-1,-1,-1,1,-1,-1,1,-1
"1101",1,1,0,1,-1,0,1,1
"1104",-1,1,-1,1,-1,0,-1,-1
"1113",1,1,-1,1,-1,0,1,1
"1114",0,-1,-1,1,-1,0,1,1
"1116",-1,1,-1,1,-1,0,1,-1
"1117",0,1,-1,1,-1,-1,1,-1
"1120",1,1,1,1,-1,0,1,1
"1121",-1,-1,-1,1,-1,-1,1,-1
"1126",0,-1,-1,1,-1,0,1,-1
"1127",0,1,1,1,-1,0,-1,1
"1129",1,-1,-1,-1,-1,-1,1,1
"1130",1,1,1,1,-1,-1,0,1
"1136",0,-1,-1,1,-1,0,1,-1
"1137",0,-1,-1,1,-1,-1,1,-1
"1138",-1,1,1,1,-1,0,-1,-1
"1142",-1,1,-1,1,-1,-1,1,-1
"1143",-1,-1,-1,1,-1,-1,1,-1
"1146",1,-1,-1,1,-1,1,1,1
"1151",0,-1,-1,1,-1,1,1,1
"1159",0,-1,-1,1,-1,-1,1,-1
"1163",1,1,-1,1,-1,-1,-1,1
"1167",-1,1,-1,1,-1,0,1,-1
"1168",-1,-1,-1,1,-1,-1,1,-1
"1169",0,1,-1,1,1,-1,-1,1
"1170",-1,-1,1,1,-1,-1,-1,-1
"1171",0,1,-1,1,-1,1,1,1
"1175",-1,1,-1,1,-1,0,1,-1
"1176",1,-1,-1,1,-1,1,1,1
"1178",-1,1,-1,1,-1,0,1,-1
"1180",1,1,-1,1,1,-1,1,1
"1181",-1,1,-1,1,-1,0,-1,-1
"1187",0,1,-1,1,-1,0,1,1
"1188",1,-1,-1,1,1,1,1,1
"1198",0,1,-1,1,1,-1,1,1
"1199",0,-1,-1,1,0,-1,1,-1
"1200",-1,1,1,1,-1,0,1,-1
"1204",0,-1,-1,1,-1,-1,1,-1
"1208",0,1,-1,1,-1,-1,-1,1
"1213",-1,-1,-1,1,-1,0,1,-1
"1214",-1,-1,-1,-1,-1,0,1,-1
"1216",-1,1,-1,1,-1,-1,1,-1
"1217",0,1,-1,1,-1,0,1,1
"1224",1,1,-1,1,-1,0,1,1
"1226",-1,1,-1,1,-1,0,1,-1
"1228",-1,1,1,1,-1,-1,-1,-1
"1231",0,-1,0,1,-1,-1,1,-1
"1234",-1,-1,0,1,-1,-1,1,-1
"1238",0,-1,1,1,-1,0,1,1
"1241",-1,-1,1,1,-1,0,1,-1
"1251",0,1,1,1,-1,1,1,1
"1257",1,1,0,1,-1,-1,1,1
"1262",-1,-1,0,1,-1,0,1,-1
"1265",-1,-1,0,1,-1,-1,1,-1
"1273",0,1,1,1,-1,0,1,1
"1274",0,1,1,1,1,-1,-1,1
"1275",0,-1,-1,1,-1,-1,1,-1
"1278",0,1,-1,1,-1,1,1,-1
"1283",-1,-1,-1,1,-1,0,1,-1
"1285",0,1,-1,1,-1,1,1,1
"1286",0,1,-1,1,-1,-1,1,-1
"1289",0,-1,-1,1,0,1,1,-1
"1291",0,-1,-1,1,-1,-1,1,-1
"1292",1,1,1,1,1,1,1,1
"1295",0,-1,-1,1,-1,0,1,-1
"1299",0,1,-1,1,-1,1,-1,1
"1302",-1,-1,-1,1,-1,0,0,-1
"1307",1,1,-1,1,-1,-1,-1,1
"1309",0,1,1,1,-1,0,1,1
"1313",-1,0,-1,1,-1,0,-1,-1
"1315",0,1,1,1,-1,-1,1,1
"1317",-1,1,1,1,-1,0,-1,-1
"1318",0,1,-1,1,-1,1,1,-1
"1321",-1,1,-1,1,-1,-1,1,-1
"1325",-1,1,1,1,-1,-1,1,-1
"1331",-1,-1,-1,1,-1,-1,1,-1
"1335",-1,-1,-1,1,-1,1,1,-1
"1340",0,1,-1,1,-1,1,0,-1
"1341",1,1,-1,1,1,-1,1,1
"1342",0,1,1,1,-1,-1,1,-1
"1343",0,0,-1,1,-1,0,1,1
"1346",0,-1,-1,1,1,1,1,1
"1355",0,1,1,1,-1,1,1,1
"1356",0,-1,-1,1,1,0,1,1
"1358",0,-1,-1,1,-1,-1,1,-1
"1363",1,1,-1,1,-1,1,1,1
"1366",-1,-1,-1,1,-1,0,1,-1
"1368",0,1,-1,1,-1,-1,1,-1
"1369",-1,1,1,-1,-1,0,1,-1
"1375",0,-1,-1,1,-1,0,1,1
"1378",1,1,1,1,-1,-1,-1,1
"1379",0,1,-1,1,-1,1,1,1
"1381",-1,1,-1,1,-1,-1,1,1
"1382",-1,-1,-1,-1,-1,-1,1,-1
"1383",0,1,-1,1,-1,1,1,1
"1384",-1,1,-1,1,0,-1,-1,-1
"1386",0,-1,-1,1,-1,0,1,1
"1387",0,1,-1,1,-1,0,1,1
"1396",-1,-1,-1,1,-1,-1,1,-1
"1398",-1,1,-1,1,-1,0,-1,-1
"1406",0,1,-1,1,-1,-1,1,1
"1411",0,1,-1,1,-1,-1,1,-1
"1418",0,1,-1,1,-1,-1,1,1
"1419",0,0,-1,1,-1,0,1,-1
"1422",-1,-1,-1,1,-1,-1,1,-1
"1425",-1,1,-1,1,-1,-1,1,-1
"1426",-1,1,-1,1,-1,0,1,-1
"1433",-1,1,1,1,-1,0,-1,-1
"1438",0,-1,-1,1,-1,0,1,1
"1442",1,1,1,0,-1,-1,1,1
"1443",-1,-1,0,-1,-1,0,1,-1
"1445",0,-1,-1,1,-1,0,1,1
"1446",0,1,-1,1,-1,-1,1,-1
"1456",0,-1,-1,1,-1,1,-1,1
"1457",0,-1,-1,1,-1,-1,0,-1
"1462",1,-1,1,1,-1,0,-1,1
"1466",0,-1,-1,1,1,1,-1,1
"1469",-1,0,-1,1,-1,0,1,-1
"1472",-1,1,-1,1,-1,-1,1,-1
"1476",0,-1,-1,1,-1,-1,1,-1
"1481",1,-1,-1,1,1,-1,1,1
"1483",0,1,-1,1,-1,1,1,1
"1485",-1,-1,-1,1,-1,0,1,-1
"1486",0,1,-1,1,0,0,1,1
"1489",1,1,-1,1,-1,1,1,1
"1491",0,-1,-1,1,-1,-1,1,1
"1498",-1,1,-1,1,-1,0,1,-1
"1501",0,1,-1,1,-1,-1,1,1
"1502",0,1,-1,1,-1,0,1,1
"1509",-1,-1,-1,1,-1,0,1,-1
"1515",1,1,-1,-1,-1,-1,1,1
"1521",0,-1,-1,1,-1,-1,1,-1
"1523",0,1,-1,1,-1,-1,1,1
"1526",0,1,-1,1,-1,-1,1,1
"1532",0,0,-1,1,-1,0,1,1
"1534",1,1,-1,1,-1,1,1,1
"1535",1,-1,-1,1,-1,-1,1,1
"1538",0,1,-1,1,-1,1,1,1
"1541",0,-1,-1,1,-1,-1,1,1
"1542",0,1,1,1,-1,-1,1,1
"1546",0,1,-1,1,1,1,1,1
"1547",0,1,-1,1,-1,0,1,-1
"1548",0,-1,-1,1,0,-1,-1,1
"1550",1,-1,-1,1,-1,1,1,1
"1557",0,1,1,-1,-1,-1,1,1
"1560",1,1,-1,1,1,-1,1,1
"1561",0,0,-1,-1,-1,1,1,1
"1564",0,1,-1,1,-1,1,1,1
"1569",1,1,-1,1,-1,1,1,1
"1570",0,1,1,1,-1,1,1,1
"1571",1,-1,-1,1,-1,1,1,1
"1576",0,1,-1,1,1,1,1,1
"1578",-1,1,-1,1,-1,0,1,-1
"1582",1,1,-1,1,0,-1,1,1
"1586",1,1,-1,1,-1,1,1,1
"1588",-1,1,-1,1,-1,-1,1,-1
"1595",0,1,-1,1,-1,1,1,1
"1596",-1,1,-1,1,-1,-1,-1,-1
"1597",-1,1,-1,1,-1,-1,1,-1
"1602",-1,-1,-1,1,-1,-1,1,-1
"1603",0,1,1,0,-1,0,1,1
"1609",1,1,-1,1,-1,-1,1,1
"1612",0,1,-1,1,-1,0,1,-1
"1623",1,1,-1,1,-1,1,1,1
"1624",1,-1,-1,1,1,0,1,1
"1626",0,-1,-1,1,-1,0,1,1
"1630",1,1,-1,1,-1,1,1,1
"1633",1,1,-1,1,1,0,1,1
"1641",1,-1,-1,1,1,-1,1,1
"1642",0,-1,-1,1,-1,-1,1,-1
"1644",0,1,-1,1,-1,-1,1,-1
"1648",-1,0,-1,1,-1,-1,-1,-1
"1650",0,-1,-1,1,-1,1,1,1
"1657",0,-1,-1,1,0,0,1,1
"1659",0,1,-1,1,-1,1,1,1
"1665",1,1,1,1,1,-1,1,1
"1671",0,1,-1,1,-1,-1,1,1
"1673",0,1,-1,1,-1,-1,1,1
"1676",0,1,-1,1,-1,-1,1,-1
"1678",0,-1,-1,1,-1,0,1,1
"1682",-1,-1,-1,1,-1,0,1,-1
"1684",0,-1,-1,1,1,1,1,1
"1686",-1,1,-1,1,-1,-1,1,-1
"1687",-1,1,-1,1,-1,0,0,-1
"1689",0,-1,-1,1,-1,-1,1,-1
"1692",1,-1,-1,1,1,-1,1,1
"1693",0,1,-1,1,-1,-1,1,1
"1696",0,1,1,1,-1,-1,1,1
"1706",-1,-1,-1,1,-1,-1,-1,-1
"1707",0,1,1,1,-1,1,-1,-1
"1709",-1,1,1,1,-1,-1,1,-1
"1713",-1,1,1,1,-1,0,1,-1
"1715",0,1,-1,1,-1,0,1,-1
"1720",0,1,1,-1,-1,-1,1,-1
"1721",-1,-1,-1,1,-1,0,1,-1
"1722",0,-1,-1,1,-1,0,1,1
"1724",0,-1,-1,1,-1,0,-1,1
"1728",1,1,1,1,1,-1,-1,1
"1729",1,1,1,1,1,0,1,1
"1730",0,1,-1,1,-1,-1,1,1
"1736",0,1,-1,-1,-1,-1,1,1
"1743",-1,-1,-1,1,-1,0,1,-1
"1744",0,0,-1,1,-1,-1,1,1
"1749",0,-1,-1,1,-1,1,1,1
"1755",1,1,-1,1,-1,-1,1,1
"1758",0,1,-1,1,-1,-1,1,-1
"1760",-1,-1,-1,1,-1,-1,1,-1
"1762",-1,-1,1,1,-1,0,1,-1
"1763",0,1,-1,1,-1,1,1,1
"1768",-1,1,-1,1,-1,0,1,-1
"1773",0,1,-1,1,-1,1,1,1
"1778",0,1,-1,1,1,-1,1,1
"1784",0,-1,-1,1,-1,-1,1,-1
"1785",-1,1,-1,1,-1,0,1,-1
"1791",0,1,-1,1,1,-1,-1,1
"1792",0,1,-1,1,-1,0,1,1
"1803",0,1,-1,1,1,-1,1,1
"1804",0,-1,-1,1,-1,0,1,-1
"1806",0,-1,-1,1,-1,-1,1,-1
"1809",0,1,-1,1,-1,-1,0,1
"1810",0,1,-1,1,1,0,1,1
"1820",0,-1,-1,1,-1,0,1,1
"1821",0,-1,1,-1,-1,1,1,1
"1825",1,-1,-1,1,1,1,1,1
"1828",0,1,-1,1,-1,-1,1,-1
"1836",0,1,-1,1,-1,-1,1,-1
"1837",0,1,-1,1,-1,-1,1,1
"1840",-1,1,-1,1,-1,-1,1,-1
"1841",0,1,0,1,-1,-1,1,1
"1844",0,-1,-1,1,0,0,1,-1
"1845",-1,1,-1,1,0,0,1,-1
"1848",1,1,-1,-1,1,1,1,1
"1864",0,1,-1,1,-1,-1,1,1
"1867",-1,-1,1,1,-1,-1,1,-1
"1868",-1,-1,-1,0,-1,0,-1,-1
"1877",1,1,-1,1,-1,1,1,1
"1881",0,-1,-1,1,-1,-1,1,1
"1883",0,-1,-1,1,-1,1,1,1
"1886",-1,-1,-1,1,-1,-1,1,-1
"1888",-1,1,1,1,-1,-1,1,-1
"1895",0,-1,-1,1,-1,-1,1,1
"1898",0,1,1,1,-1,-1,1,1
"1903",1,1,-1,1,1,-1,1,1
"1904",-1,-1,-1,1,-1,0,1,-1
"1915",-1,-1,-1,1,-1,0,1,-1
"1917",-1,-1,-1,1,-1,0,1,-1
"1923",-1,-1,-1,1,-1,-1,1,-1
"1928",-1,-1,-1,1,-1,0,1,-1
"1932",0,1,-1,1,-1,-1,1,-1
"1935",-1,-1,-1,1,-1,0,-1,-1
"1939",-1,-1,-1,1,-1,1,1,-1
"1940",0,-1,1,1,-1,0,-1,1
"1943",0,1,1,1,1,-1,1,1
"1952",-1,-1,-1,1,-1,-1,1,-1
"1955",0,1,-1,1,-1,1,1,1
"1960",0,-1,-1,1,1,-1,1,1
"1964",0,1,-1,1,-1,1,1,1
"1967",1,1,1,1,-1,0,1,1
"1971",-1,1,-1,1,-1,-1,1,1
"1976",0,1,-1,1,0,-1,1,1
"1977",0,1,-1,1,-1,0,-1,1
"1981",0,-1,-1,1,-1,-1,1,-1
"1982",1,1,-1,1,-1,-1,1,1
"1986",0,1,0,1,-1,0,1,1
"1989",1,1,1,1,-1,0,1,1
"1990",0,1,1,1,1,-1,1,1
"1993",-1,-1,-1,1,-1,1,1,-1
"1997",0,1,-1,1,-1,-1,1,-1
"1998",0,-1,-1,1,-1,1,1,1
"2000",0,-1,-1,1,-1,-1,1,-1
"2002",0,1,1,1,-1,0,1,1
"2010",-1,-1,-1,1,-1,-1,1,-1
"2011",-1,-1,-1,1,-1,0,1,-1
"2014",1,-1,-1,1,0,-1,1,-1
"2016",0,1,-1,-1,-1,1,1,1
"2017",0,-1,-1,1,-1,-1,1,-1
"2018",-1,-1,-1,1,-1,-1,1,-1
"2020",0,1,1,0,-1,1,1,1
"2021",-1,-1,-1,1,-1,-1,1,-1
"2025",-1,1,-1,1,-1,0,1,-1
"2030",-1,-1,-1,1,-1,-1,1,-1
"2033",1,-1,-1,-1,1,-1,1,1
"2037",-1,-1,-1,1,-1,-1,1,-1
"2040",0,1,-1,1,-1,-1,1,1
"2046",1,1,-1,1,1,1,1,1
"2048",0,1,-1,1,-1,0,1,1
"2052",1,-1,-1,1,1,-1,1,1
"2054",1,1,-1,1,1,0,1,1
"2061",-1,1,-1,1,-1,-1,1,-1
"2063",0,1,-1,1,-1,-1,1,1
"2064",-1,1,1,1,-1,-1,1,-1
"2066",-1,1,-1,1,-1,0,1,-1
"2069",0,1,-1,1,-1,1,1,1
"2070",0,1,-1,1,1,-1,1,1
"2072",1,1,-1,1,-1,-1,1,1
"2073",1,-1,-1,-1,-1,1,1,1
"2075",0,1,-1,1,-1,1,1,1
"2076",-1,-1,-1,1,-1,0,1,-1
"2084",-1,-1,-1,1,-1,-1,1,-1
"2095",1,1,-1,1,-1,-1,1,-1
"2098",0,-1,-1,1,-1,1,1,1
"2106",-1,-1,-1,1,-1,-1,1,-1
"2107",0,1,-1,1,-1,-1,1,-1
"2116",-1,1,-1,1,-1,0,1,-1
"2118",1,1,-1,1,-1,0,1,1
"2120",1,1,-1,1,-1,1,1,1
"2122",0,-1,-1,1,-1,-1,1,-1
"2123",0,1,-1,1,1,0,1,1
"2124",0,-1,-1,1,-1,-1,1,-1
"2126",-1,-1,-1,1,0,-1,1,-1
"2128",0,-1,-1,1,-1,1,1,-1
"2131",-1,1,-1,1,-1,0,-1,-1
"2132",-1,-1,-1,1,-1,-1,1,-1
"2133",0,1,-1,1,-1,0,1,1
"2135",1,1,-1,1,1,1,1,1
"2141",-1,1,1,1,-1,0,1,-1
"2148",-1,0,-1,1,-1,0,1,-1
"2154",0,-1,-1,1,-1,-1,1,-1
"2160",0,0,-1,1,-1,-1,1,-1
"2164",0,1,-1,1,-1,0,-1,1
"2165",0,1,1,1,-1,0,1,1
"2166",-1,-1,-1,1,-1,0,1,-1
"2167",1,-1,-1,1,1,0,1,1
"2168",0,-1,-1,1,-1,-1,1,-1
"2171",-1,-1,-1,1,-1,0,1,-1
"2172",1,-1,-1,-1,-1,-1,0,1
"2175",0,-1,-1,1,-1,0,1,-1
"2177",0,1,-1,1,-1,0,1,1
"2179",0,-1,-1,1,-1,-1,1,-1
"2181",-1,1,1,1,0,-1,1,-1
"2188",-1,1,-1,-1,-1,0,1,-1
"2189",0,1,-1,1,-1,-1,1,-1
"2191",1,1,-1,1,1,-1,-1,1
"2194",1,1,1,1,1,1,1,1
"2195",0,-1,-1,1,-1,-1,1,-1
"2197",0,1,1,1,1,1,-1,1
"2199",1,1,1,1,-1,1,1,1
"2202",-1,1,1,1,-1,0,1,-1
"2204",0,-1,-1,1,-1,0,1,-1
"2205",-1,-1,-1,1,-1,-1,1,-1
"2206",0,-1,-1,1,-1,-1,1,-1
"2208",0,1,-1,1,1,0,0,1
"2209",0,1,-1,1,-1,-1,1,1
"2217",0,1,-1,1,-1,0,1,-1
"2220",0,-1,-1,1,-1,-1,1,-1
"2224",0,-1,-1,1,-1,-1,1,-1
"2227",1,-1,-1,1,-1,-1,1,1
"2228",0,1,-1,1,-1,1,1,-1
"2229",1,1,-1,1,-1,1,1,1
"2233",0,1,-1,1,-1,-1,1,-1
"2236",-1,1,-1,1,-1,-1,1,-1
"2237",0,1,-1,1,-1,-1,1,-1
"2240",-1,-1,-1,1,-1,-1,1,-1
"2241",0,1,-1,1,-1,1,1,1
"2242",-1,1,-1,1,-1,0,1,-1
"2244",-1,1,-1,1,-1,-1,1,-1
"2247",-1,1,-1,1,-1,0,1,-1
"2248",1,-1,-1,1,-1,0,1,1
"2251",0,-1,-1,1,-1,-1,1,-1
"2252",-1,1,-1,1,-1,0,1,-1
"2253",0,1,-1,1,-1,0,1,1
"2254",1,-1,1,-1,1,1,1,1
"2259",-1,-1,-1,-1,-1,0,1,-1
"2262",0,-1,-1,1,-1,0,1,-1
"2266",-1,1,1,1,-1,-1,1,-1
"2270",0,1,-1,1,-1,1,1,1
"2271",-1,1,-1,1,-1,0,1,-1
"2279",1,-1,-1,-1,1,-1,1,1
"2282",-1,1,-1,1,-1,0,1,-1
"2283",-1,-1,-1,-1,-1,0,1,-1
"2284",-1,1,-1,-1,-1,-1,1,-1
"2285",1,1,1,-1,-1,-1,1,1
"2286",1,-1,-1,1,-1,-1,1,1
"2291",-1,0,-1,1,-1,-1,1,-1
"2300",1,1,-1,1,-1,1,1,1
"2303",1,1,-1,1,1,-1,1,1
"2304",0,1,1,-1,-1,1,1,1
"2306",-1,-1,-1,1,-1,0,1,-1
"2307",0,1,1,1,-1,0,1,1
"2313",1,1,-1,1,-1,-1,1,-1
"2318",0,1,-1,1,1,-1,1,1
"2322",-1,1,-1,1,-1,-1,1,-1
"2326",-1,-1,-1,1,-1,-1,1,-1
"2337",1,1,-1,1,-1,1,1,1
"2340",1,1,-1,1,-1,-1,1,1
"2341",1,1,-1,1,-1,0,1,1
"2342",0,-1,-1,1,-1,0,0,1
"2343",-1,-1,-1,1,-1,-1,1,-1
"2345",0,1,-1,1,-1,-1,1,-1
"2346",0,-1,-1,1,-1,1,1,1
"2347",1,1,-1,1,-1,-1,1,1
"2349",-1,-1,-1,1,-1,-1,1,-1
"2375",-1,1,1,1,-1,0,1,-1
"2377",-1,1,-1,1,-1,-1,1,-1
"2383",0,-1,-1,1,-1,1,1,1
"2385",0,1,-1,1,-1,0,1,1
"2386",-1,1,-1,1,-1,-1,1,-1
"2388",-1,-1,0,1,-1,0,1,-1
"2389",0,-1,-1,1,-1,-1,1,1
"2390",-1,1,-1,1,-1,-1,1,-1
"2395",-1,0,-1,1,-1,0,1,-1
"2397",0,1,-1,1,1,-1,-1,1
"2398",-1,-1,1,1,-1,-1,-1,-1
"2399",0,1,-1,1,-1,1,1,1
"2401",0,1,-1,1,-1,1,1,1
"2403",-1,1,-1,1,-1,0,1,-1
"2404",1,-1,-1,1,-1,1,1,1
"2406",-1,1,-1,1,-1,0,1,-1
"2409",-1,1,-1,1,-1,0,-1,-1
"2416",1,-1,-1,1,1,1,1,1
"2417",0,1,-1,1,-1,-1,1,1
"2420",0,1,-1,1,-1,-1,1,-1
"2424",-1,1,-1,0,-1,0,1,-1
"2431",-1,-1,-1,0,-1,-1,1,-1
"2434",0,1,1,1,1,1,1,1
"2438",0,-1,-1,1,-1,0,1,1
"2440",0,-1,-1,1,-1,-1,1,-1
"2441",-1,-1,-1,1,-1,0,1,-1
"2446",0,1,-1,1,-1,-1,1,1
"2447",0,-1,-1,1,1,1,1,1
"2448",-1,-1,-1,1,-1,0,1,-1
"2449",0,1,1,0,1,0,1,1
"2456",-1,-1,-1,-1,-1,0,1,-1
"2458",1,1,-1,1,-1,-1,1,1
"2460",0,-1,-1,1,-1,-1,1,1
"2462",-1,-1,-1,1,-1,1,1,-1
"2466",0,1,1,1,-1,-1,1,1
"2468",0,1,0,1,-1,1,1,1
"2471",-1,-1,-1,-1,-1,0,1,-1
"2476",0,-1,-1,1,-1,1,1,1
"2482",-1,-1,0,-1,-1,1,1,-1
"2497",1,-1,1,-1,-1,1,0,1
"2498",1,1,1,1,1,0,1,1
"2503",0,1,0,1,-1,-1,1,1
"2508",0,-1,-1,1,-1,-1,1,1
"2510",1,1,-1,1,-1,1,1,1
"2512",0,1,-1,1,-1,1,1,-1
"2513",0,1,-1,1,1,1,-1,1
"2517",-1,-1,-1,1,-1,1,1,-1
"2521",-1,-1,1,-1,-1,1,1,-1
"2523",1,1,-1,1,1,0,1,1
"2524",1,-1,-1,1,1,0,1,1
"2525",-1,1,-1,1,-1,1,1,-1
"2527",0,1,-1,1,0,-1,-1,-1
"2528",0,-1,-1,1,-1,-1,-1,1
"2529",1,-1,-1,1,-1,-1,1,-1
"2531",1,-1,-1,1,1,1,1,1
"2533",0,-1,-1,1,-1,0,1,1
"2538",-1,-1,-1,1,-1,-1,1,-1
"2540",0,1,-1,1,-1,1,1,1
"2541",0,-1,-1,1,-1,0,1,1
"2542",0,1,1,0,-1,0,1,1
"2543",-1,-1,1,1,-1,-1,1,-1
"2554",1,1,-1,1,-1,-1,1,1
"2563",0,1,-1,1,-1,0,1,1
"2568",1,1,-1,1,1,0,1,1
"2569",0,-1,-1,0,-1,-1,1,-1
"2578",0,-1,-1,1,-1,1,1,-1
"2579",0,1,1,-1,-1,0,1,1
"2582",1,1,1,1,1,0,1,1
"2585",0,-1,-1,1,-1,-1,1,1
"2597",0,1,-1,1,-1,1,1,1
"2601",-1,-1,-1,1,-1,0,-1,-1
"2606",0,-1,-1,-1,-1,-1,1,-1
"2609",0,-1,-1,1,1,-1,-1,1
"2610",0,1,-1,1,-1,-1,1,1
"2611",-1,-1,-1,1,-1,0,1,-1
"2612",0,-1,-1,1,1,-1,1,1
"2616",0,-1,-1,-1,-1,0,1,-1
"2619",1,1,1,1,1,-1,1,1
"2621",-1,1,1,-1,-1,0,1,-1
"2622",1,-1,-1,1,-1,0,1,1
"2630",1,1,1,1,-1,-1,1,1
"2631",0,-1,-1,1,-1,0,1,1
"2635",0,-1,-1,1,-1,0,1,1
"2646",0,1,-1,1,-1,0,1,-1
"2647",-1,1,1,1,-1,0,1,-1
"2653",1,1,-1,1,-1,-1,1,-1
"2654",-1,1,-1,1,-1,0,1,-1
"2664",0,1,-1,1,-1,1,1,1
"2670",-1,-1,0,1,-1,0,1,-1
"2671",-1,-1,-1,1,-1,1,1,-1
"2673",0,-1,-1,1,-1,0,1,1
"2676",0,1,-1,1,-1,-1,1,1
"2687",1,1,-1,1,-1,-1,1,-1
"2689",1,1,-1,1,-1,-1,1,1
"2691",1,1,-1,1,-1,1,1,1
"2697",1,-1,-1,1,1,-1,1,1
"2698",-1,-1,-1,-1,-1,0,1,-1
"2699",1,1,-1,1,1,0,1,1
"2706",1,-1,-1,1,-1,0,1,1
"2708",0,-1,-1,1,-1,-1,1,-1
"2710",1,1,-1,1,-1,1,1,1
"2711",-1,-1,-1,1,-1,0,-1,-1
"2712",-1,-1,-1,1,-1,0,1,-1
"2713",-1,1,-1,1,-1,-1,1,-1
"2718",1,1,-1,1,-1,0,1,1
"2721",1,-1,-1,1,1,0,1,1
"2722",0,1,1,1,-1,-1,1,1
"2724",0,1,1,1,-1,1,-1,-1
"2727",0,1,-1,1,-1,-1,1,1
"2731",0,1,1,1,-1,0,1,1
"2734",0,1,1,1,-1,-1,1,1
"2736",0,-1,-1,1,-1,1,1,-1
"2740",1,-1,-1,1,-1,0,1,1
"2742",1,1,-1,1,-1,1,1,1
"2746",1,1,-1,1,-1,1,1,1
"2758",1,1,1,1,-1,-1,-1,1
"2760",0,1,1,-1,-1,1,1,1
"2761",1,-1,-1,1,-1,-1,1,-1
"2765",-1,1,0,-1,-1,0,-1,-1
"2766",-1,1,-1,1,-1,-1,1,-1
"2773",1,1,1,1,1,1,1,1
"2778",-1,1,-1,1,-1,1,1,-1
"2782",0,0,-1,1,-1,0,1,1
"2784",1,1,-1,1,1,1,1,1
"2785",-1,-1,-1,-1,-1,0,1,-1
"2792",1,1,1,1,1,1,1,1
"2794",0,1,-1,1,-1,-1,1,1
"2810",0,1,1,1,-1,0,1,1
"2813",0,1,-1,1,1,1,1,1
"2814",0,0,1,1,-1,1,1,1
"2817",-1,0,-1,1,-1,1,1,-1
"2820",1,1,-1,-1,-1,1,1,1
"2823",1,1,-1,1,-1,-1,1,1
"2830",-1,-1,-1,1,-1,1,1,-1
"2832",0,1,1,1,-1,1,-1,1
"2839",0,1,-1,1,-1,-1,1,1
"2841",0,1,-1,1,-1,1,1,1
"2842",0,1,1,1,1,-1,1,1
"2848",0,-1,-1,1,-1,0,-1,1
"2853",0,1,1,1,-1,1,1,1
"2855",0,-1,-1,1,-1,-1,1,1
"2858",1,-1,-1,1,1,-1,1,1
"2859",0,1,-1,1,-1,1,1,1
"2861",0,1,-1,1,-1,0,1,1
"2862",-1,1,1,1,-1,0,1,-1
"2867",0,1,1,1,-1,1,1,1
"2870",0,1,1,1,-1,0,-1,1
"2874",1,1,-1,1,-1,-1,1,1
"2875",0,-1,-1,-1,-1,-1,1,-1
"2876",-1,-1,-1,-1,-1,0,1,-1
"2882",0,-1,-1,-1,-1,-1,1,-1
"2890",-1,-1,-1,1,-1,0,1,-1
"2891",-1,1,1,1,-1,0,-1,-1
"2899",-1,1,1,1,-1,0,1,-1
"2916",1,1,-1,-1,-1,1,1,1
"2919",1,1,-1,1,-1,1,1,1
"2921",0,-1,-1,1,-1,-1,1,-1
"2923",0,1,-1,1,-1,-1,1,1
"2925",1,1,-1,1,-1,1,1,1
"2926",0,-1,-1,1,-1,-1,1,-1
"2929",-1,-1,-1,1,-1,1,1,-1
"2932",0,-1,-1,1,-1,0,1,-1
"2935",0,-1,-1,-1,-1,-1,1,-1
"2937",0,-1,-1,1,-1,-1,1,-1
"2939",0,1,-1,1,-1,1,-1,1
"2940",0,-1,-1,1,-1,-1,1,-1
"2952",-1,1,1,1,-1,-1,1,-1
"2954",0,-1,-1,1,-1,-1,1,-1
"2956",-1,-1,-1,-1,-1,-1,1,-1
"2957",1,-1,-1,1,1,0,1,1
"2960",0,1,1,1,0,-1,-1,1
"2962",0,1,1,1,-1,0,1,1
"2964",1,-1,-1,1,1,0,1,1
"2967",0,1,-1,1,-1,1,1,1
"2977",1,0,1,1,-1,0,1,1
"2986",0,-1,-1,1,-1,1,1,-1
"2995",-1,1,-1,1,-1,-1,1,-1
"2996",0,1,-1,1,1,-1,1,1
"3001",0,-1,-1,1,1,0,1,1
"3003",-1,-1,-1,1,-1,-1,1,-1
"3010",-1,-1,1,1,-1,0,1,-1
"3021",0,1,1,1,-1,0,1,1
"3022",-1,1,-1,1,-1,0,0,-1
"3027",1,1,-1,1,-1,1,1,1
"3029",-1,1,-1,1,-1,0,1,-1
"3031",0,-1,-1,1,-1,-1,1,-1
"3035",1,0,-1,1,1,0,1,1
"3037",0,-1,-1,1,-1,1,1,1
"3039",-1,1,-1,-1,-1,-1,1,-1
"3040",-1,1,-1,1,-1,0,1,-1
"3042",0,1,-1,1,-1,1,1,-1
"3045",1,-1,-1,1,-1,-1,-1,1
"3046",-1,-1,-1,1,-1,0,-1,-1
"3058",1,1,1,1,-1,0,1,-1
"3064",0,-1,0,1,-1,-1,1,-1
"3067",-1,-1,-1,1,-1,0,1,-1
"3068",-1,1,-1,1,-1,-1,1,-1
"3070",1,0,-1,1,1,-1,-1,1
"3071",0,1,-1,1,-1,1,1,-1
"3075",0,-1,-1,1,-1,-1,1,-1
"3076",-1,1,1,1,-1,0,1,-1
"3077",0,1,-1,1,-1,-1,1,-1
"3078",1,1,-1,1,1,1,1,1
"3079",0,1,-1,1,-1,0,1,-1
"3082",0,1,-1,1,-1,0,1,1
"3084",-1,1,1,1,-1,0,1,-1
"3085",-1,1,-1,1,-1,0,1,-1
"3086",-1,1,-1,-1,-1,-1,1,-1
"3087",0,-1,-1,1,-1,1,1,1
"3090",0,1,-1,1,-1,1,1,1
"3093",1,-1,-1,1,1,-1,1,1
"3095",0,1,-1,1,1,1,-1,1
"3097",-1,-1,-1,1,-1,0,1,-1
"3113",0,1,1,1,-1,0,1,1
"3114",-1,1,1,0,-1,0,1,-1
"3115",0,1,1,1,-1,-1,1,1
"3119",0,1,-1,1,-1,1,1,-1
"3121",0,1,-1,1,-1,-1,1,-1
"3125",-1,1,-1,1,-1,-1,1,1
"3127",0,-1,-1,1,-1,1,-1,1
"3132",-1,1,1,1,-1,-1,1,-1
"3133",1,1,-1,1,-1,1,1,1
"3137",-1,-1,-1,1,-1,-1,0,-1
"3139",-1,-1,1,1,-1,0,-1,-1
"3142",0,-1,-1,-1,0,1,1,1
"3145",0,1,-1,1,-1,1,-1,1
"3147",-1,0,-1,1,-1,-1,1,-1
"3148",-1,-1,-1,1,-1,-1,1,-1
"3154",-1,1,1,1,-1,-1,1,-1
"3155",-1,-1,-1,-1,-1,-1,1,-1
"3156",0,-1,-1,-1,-1,0,0,1
"3157",0,1,-1,1,-1,-1,-1,1
"3159",1,1,-1,1,1,1,1,1
"3161",1,-1,-1,1,-1,0,1,1
"3164",1,1,-1,1,-1,-1,1,1
"3167",0,1,-1,1,-1,0,1,1
"3170",0,1,1,1,-1,1,1,1
"3174",0,1,-1,1,-1,1,1,1
"3179",-1,1,1,1,-1,0,-1,-1
"3181",-1,-1,0,1,-1,0,1,-1
"3182",-1,-1,-1,-1,-1,-1,1,-1
"3184",-1,-1,-1,1,-1,-1,1,-1
"3186",-1,1,1,1,-1,-1,1,-1
"3189",0,1,-1,1,1,-1,1,1
"3191",-1,1,-1,1,-1,-1,1,-1
"3193",-1,-1,-1,1,-1,-1,1,-1
"3200",-1,1,-1,1,-1,0,1,-1
"3203",0,1,-1,-1,1,1,1,1
"3205",0,1,-1,1,-1,-1,1,-1
"3206",0,1,-1,1,-1,1,1,1
"3211",-1,-1,-1,1,-1,0,1,-1
"3214",1,1,-1,1,-1,1,1,1
"3218",1,1,-1,1,-1,0,1,1
"3223",-1,-1,-1,1,-1,-1,1,-1
"3224",-1,1,-1,1,-1,1,1,-1
"3232",1,-1,-1,1,-1,0,1,1
"3233",0,-1,-1,1,-1,0,1,1
"3239",0,-1,-1,1,-1,1,1,-1
"3246",0,1,-1,1,-1,-1,1,-1
"3247",0,1,-1,1,-1,0,1,1
"3249",0,1,-1,1,-1,1,1,1
"3252",0,1,-1,1,-1,-1,1,1
"3253",0,1,0,1,1,1,1,1
"3258",0,1,-1,1,-1,0,1,1
"3261",1,-1,-1,-1,-1,-1,1,1
"3265",0,0,1,1,-1,0,-1,1
"3267",0,1,1,1,-1,-1,-1,-1
"3270",0,-1,-1,1,-1,0,1,1
"3272",0,-1,-1,1,1,0,1,1
"3273",1,1,1,1,-1,-1,1,1
"3280",-1,1,1,1,-1,0,1,-1
"3283",0,-1,-1,1,-1,0,1,1
"3284",-1,-1,-1,1,-1,1,1,-1
"3285",1,1,1,1,1,1,1,1
"3288",-1,-1,-1,1,-1,0,1,-1
"3289",0,1,-1,1,-1,1,1,1
"3291",1,1,-1,1,-1,0,1,1
"3293",0,-1,-1,1,-1,-1,1,-1
"3294",0,1,-1,-1,-1,1,1,1
"3295",0,1,-1,1,-1,1,1,1
"3304",0,-1,-1,1,-1,-1,1,-1
"3305",-1,1,-1,1,-1,-1,1,-1
"3307",-1,1,1,1,-1,0,-1,-1
"3328",0,-1,-1,1,-1,0,1,-1
"3332",-1,1,1,1,-1,-1,1,-1
"3334",0,1,-1,1,-1,1,1,1
"3335",0,-1,-1,1,-1,0,1,-1
"3341",0,1,-1,1,-1,1,-1,1
"3342",0,-1,-1,1,-1,-1,1,-1
"3343",0,1,-1,1,-1,1,1,1
"3345",0,1,-1,1,-1,-1,1,-1
"3347",-1,-1,-1,1,-1,-1,1,-1
"3349",0,1,1,-1,-1,-1,1,1
"3351",-1,-1,0,0,-1,-1,1,-1
"3352",1,1,-1,1,-1,1,-1,1
"3353",-1,1,1,1,-1,0,1,-1
"3355",0,1,-1,1,1,1,1,1
"3358",1,1,-1,1,1,1,1,1
"3361",0,0,-1,1,-1,-1,0,1
"3362",0,1,-1,1,-1,-1,1,-1
"3363",-1,1,-1,1,-1,0,1,-1
"3365",0,1,-1,1,-1,1,1,1
"3372",0,1,1,1,-1,1,-1,-1
"3384",-1,1,-1,1,-1,-1,1,-1
"3397",1,1,-1,1,-1,-1,1,1
"3398",1,1,-1,1,-1,-1,1,1
"3399",1,-1,-1,1,1,0,1,1
"3401",-1,1,-1,-1,-1,0,1,-1
"3402",0,1,-1,1,-1,1,1,1
"3403",0,1,1,1,-1,0,1,1
"3405",0,1,1,1,-1,0,1,1
"3406",0,1,-1,1,-1,0,1,1
"3407",0,1,-1,1,-1,-1,1,1
"3410",0,1,-1,1,-1,0,-1,1
"3411",-1,-1,-1,1,-1,0,-1,-1
"3414",0,-1,-1,1,-1,0,1,-1
"3415",0,1,-1,1,-1,-1,1,-1
"3416",0,1,-1,1,-1,-1,1,1
"3418",0,-1,1,1,-1,-1,1,1
"3419",-1,-1,-1,1,-1,1,1,-1
"3422",0,1,-1,1,-1,-1,1,-1
"3423",-1,1,-1,1,-1,-1,1,-1
"3427",0,-1,-1,1,-1,-1,1,-1
"3433",1,1,1,1,-1,-1,1,1
"3434",0,1,-1,1,1,0,1,1
"3438",-1,-1,-1,-1,-1,0,1,-1
"3441",0,1,1,1,-1,1,1,1
"3444",-1,-1,-1,1,-1,1,1,-1
"3448",0,-1,-1,1,-1,0,1,1
"3449",0,-1,-1,1,-1,0,1,1
"3454",0,-1,-1,1,-1,-1,1,-1
"3465",0,-1,-1,1,-1,1,1,1
"3469",0,1,-1,1,-1,1,1,1
"3471",0,-1,-1,1,-1,0,1,1
"3474",1,1,-1,1,-1,1,1,1
"3475",-1,-1,-1,-1,-1,-1,1,-1
"3476",-1,-1,-1,1,-1,0,-1,-1
"3495",-1,-1,-1,1,-1,-1,1,-1
"3502",0,1,-1,1,-1,-1,-1,1
"3504",0,-1,-1,1,-1,-1,1,-1
"3506",0,1,-1,1,-1,1,1,1
"3509",1,1,-1,1,1,0,-1,1
"3512",0,1,0,1,-1,1,-1,1
"3517",-1,-1,-1,1,-1,-1,1,-1
"3525",0,1,-1,1,-1,-1,1,1
"3528",1,-1,-1,1,-1,-1,1,1
"3531",1,1,-1,1,1,0,-1,1
"3534",0,1,1,1,-1,0,1,1
"3535",0,-1,-1,1,1,1,1,1
"3536",-1,-1,-1,1,-1,0,1,-1
"3542",1,-1,-1,1,-1,1,1,1
"3543",0,-1,-1,1,-1,1,1,1
"3546",1,-1,-1,1,-1,1,1,1
"3547",1,1,-1,1,-1,-1,1,1
"3549",-1,1,1,-1,-1,0,1,-1
"3554",0,-1,-1,1,-1,0,1,1
"3558",0,1,1,1,-1,-1,1,1
"3561",0,1,-1,-1,-1,0,1,-1
"3562",-1,-1,0,1,-1,-1,1,-1
"3565",0,1,-1,1,-1,1,0,1
"3566",0,1,-1,1,-1,-1,1,1
"3567",0,-1,-1,1,1,-1,1,1
"3573",-1,-1,-1,1,-1,-1,1,-1
"3575",-1,1,-1,1,-1,0,1,-1
"3580",-1,1,-1,1,-1,0,1,-1
"3583",1,-1,-1,1,-1,-1,1,1
"3586",0,-1,0,-1,-1,-1,1,-1
"3587",0,1,-1,1,-1,-1,1,1
"3595",0,1,-1,1,-1,-1,1,1
"3599",0,1,1,1,-1,0,1,1
"3600",0,-1,1,1,-1,1,1,1
"3601",0,0,-1,1,-1,1,1,1
"3602",1,-1,1,-1,1,1,1,1
"3603",-1,1,-1,1,-1,0,1,-1
"3607",0,1,-1,1,-1,1,1,1
"3608",-1,1,-1,1,-1,-1,1,1
"3610",0,1,-1,1,-1,1,1,1
"3612",0,1,-1,1,-1,-1,1,-1
"3618",1,1,-1,-1,-1,-1,1,1
"3620",1,1,-1,1,1,1,1,1
"3622",-1,1,-1,-1,-1,-1,1,-1
"3633",-1,1,-1,1,-1,0,1,-1
"3634",1,1,-1,1,-1,-1,1,1
"3637",1,1,-1,1,1,-1,-1,1
"3640",0,1,-1,1,-1,1,1,1
"3649",0,1,-1,-1,-1,-1,1,-1
"3652",0,1,1,1,1,1,1,1
"3653",-1,1,-1,1,-1,0,1,-1
"3661",0,1,-1,1,-1,1,1,1
"3663",0,1,-1,1,-1,-1,1,-1
"3668",-1,-1,-1,1,-1,-1,1,-1
"3669",-1,1,-1,-1,-1,0,1,-1
"3671",0,1,-1,1,-1,0,1,1
"3672",0,1,1,1,-1,-1,1,1
"3673",0,1,-1,1,-1,1,1,1
"3676",0,-1,-1,1,-1,-1,1,-1
"3678",-1,1,1,1,-1,-1,1,-1
"3681",1,1,-1,1,-1,0,1,1
"3690",0,-1,-1,1,-1,0,1,1
"3692",0,1,-1,1,-1,-1,1,-1
"3694",0,1,-1,1,-1,-1,1,1
"3699",-1,-1,-1,1,-1,0,1,-1
"3702",0,1,-1,1,-1,-1,1,-1
"3704",-1,-1,-1,-1,-1,-1,1,-1
"3709",-1,-1,1,0,-1,-1,1,-1
"3712",0,-1,-1,1,-1,-1,1,-1
"3719",0,-1,-1,1,-1,0,1,-1
"3723",-1,-1,-1,1,-1,0,-1,-1
"3724",0,1,1,1,1,-1,1,1
"3725",0,1,-1,1,1,1,-1,1
"3731",0,1,-1,1,-1,-1,1,1
"3738",0,1,1,1,-1,1,1,1
"3747",0,1,-1,1,-1,0,1,1
"3748",0,1,-1,1,-1,-1,1,1
"3750",1,1,1,1,-1,1,1,1
"3751",0,-1,-1,0,-1,1,-1,1
"3760",0,1,1,1,-1,1,1,1
"3763",0,-1,-1,1,-1,0,-1,1
"3767",1,1,-1,1,1,-1,1,1
"3770",0,1,-1,1,-1,0,1,-1
"3772",0,1,-1,1,-1,-1,1,-1
"3774",0,-1,-1,1,-1,-1,1,-1
"3783",0,-1,-1,1,-1,-1,1,1
"3789",0,1,-1,1,-1,-1,1,1
"3791",-1,-1,1,1,-1,0,1,-1
"3794",-1,-1,-1,1,-1,0,1,-1
"3800",1,1,-1,1,-1,-1,1,1
"3804",-1,-1,-1,1,-1,-1,1,-1
"3805",1,-1,-1,1,-1,-1,1,1
"3808",-1,-1,-1,1,-1,-1,1,-1
"3811",0,1,-1,1,-1,-1,1,1
"3815",0,1,-1,1,-1,-1,1,-1
"3822",0,1,1,1,-1,-1,0,1
"3823",-1,-1,-1,1,-1,1,1,-1
"3824",1,1,-1,1,1,1,1,1
"3826",0,1,-1,1,-1,-1,1,-1
"3828",0,1,1,1,-1,0,1,1
"3829",1,-1,-1,1,-1,1,1,1
"3835",-1,1,-1,1,-1,0,1,-1
"3839",-1,1,-1,1,-1,0,1,-1
"3844",1,-1,-1,1,1,1,1,1
"3848",-1,-1,-1,0,0,0,1,-1
"3849",0,1,1,1,-1,-1,1,1
"3850",0,-1,1,1,-1,0,1,-1
"3855",-1,1,-1,1,-1,0,-1,-1
"3857",0,1,-1,1,-1,-1,1,-1
"3860",1,1,-1,1,1,1,1,1
"3865",0,-1,-1,1,-1,0,0,1
"3866",-1,1,-1,1,-1,-1,1,-1
"3870",-1,0,1,1,-1,-1,1,-1
"3871",0,1,-1,1,-1,-1,1,-1
"3876",0,1,-1,1,-1,-1,1,-1
"3878",0,-1,-1,1,-1,-1,1,-1
"3879",1,1,-1,1,1,0,1,1
"3882",-1,1,-1,1,-1,-1,1,-1
"3883",0,1,-1,1,-1,1,1,1
"3885",0,1,-1,1,-1,0,1,1
"3886",1,1,1,1,1,0,1,1
"3888",0,1,-1,1,1,-1,1,1
"3892",1,1,-1,1,-1,1,1,1
"3897",0,-1,-1,1,-1,1,1,1
"3899",0,1,-1,1,-1,-1,1,1
"3901",0,1,-1,1,-1,0,1,1
"3915",0,1,1,1,-1,1,-1,-1
"3916",0,1,-1,1,-1,0,1,1
"3925",0,1,1,1,1,-1,1,1
"3928",-1,1,-1,1,-1,-1,1,-1
"3932",-1,-1,0,1,-1,0,1,-1
"3944",-1,-1,-1,1,-1,-1,1,-1
"3946",0,1,-1,1,-1,-1,1,1
"3950",0,1,0,1,-1,-1,1,-1
"3955",-1,1,-1,1,-1,0,1,-1
"3956",1,-1,-1,0,-1,0,1,1
"3960",1,1,-1,1,-1,0,1,1
"3961",0,-1,-1,1,-1,0,1,-1
"3965",1,1,1,1,-1,-1,1,1
"3966",-1,1,-1,1,-1,-1,1,-1
"3982",0,-1,-1,1,-1,-1,1,1
"3986",1,1,-1,1,-1,1,0,1
"3987",-1,1,-1,1,-1,-1,-1,-1
"3992",-1,-1,-1,1,-1,1,1,-1
"3993",1,1,-1,1,-1,-1,1,1
"3999",-1,1,1,1,-1,-1,1,-1
"4000",0,1,1,1,-1,-1,-1,1
"4003",0,1,-1,1,-1,1,1,1
"4010",-1,1,-1,1,-1,-1,-1,-1
"4012",-1,1,-1,1,-1,-1,1,-1
"4013",-1,-1,-1,1,-1,0,1,-1
"4014",0,-1,-1,1,-1,-1,1,-1
"4016",-1,-1,-1,1,-1,0,1,-1
"4021",-1,-1,-1,1,-1,0,1,-1
"4029",-1,-1,-1,1,-1,-1,1,-1
"4032",0,1,-1,1,-1,0,-1,1
"4033",-1,-1,1,1,-1,0,1,-1
"4036",1,-1,-1,1,-1,-1,1,1
"4038",0,1,-1,1,-1,-1,1,1
"4049",0,1,-1,1,-1,-1,-1,1
"4054",1,1,1,1,1,-1,-1,1
"4059",0,1,-1,1,-1,1,1,-1
"4063",-1,1,1,1,-1,0,-1,-1
"4064",0,1,1,1,1,0,1,1
"4065",1,1,1,0,-1,-1,1,1
"4066",1,1,0,1,-1,1,1,1
"4069",0,1,1,1,1,1,-1,1
"4071",0,1,1,1,-1,1,-1,1
"4074",0,1,-1,1,-1,0,1,1
"4078",-1,-1,-1,1,-1,0,1,-1
"4079",0,1,-1,1,-1,1,1,1
"4083",0,1,-1,1,-1,-1,1,1
"4088",0,1,-1,1,-1,0,1,1
"4090",0,1,0,1,-1,0,1,1
"4091",0,1,-1,1,-1,0,1,-1
"4093",0,-1,-1,0,-1,-1,1,-1
"4094",1,-1,-1,1,-1,-1,1,-1
"4096",0,-1,-1,1,-1,0,1,-1
"4099",0,1,-1,1,-1,1,1,1
"4102",0,1,-1,1,-1,-1,0,1
"4103",0,1,0,1,-1,1,1,-1
"4104",0,1,-1,1,-1,0,-1,1
"4105",-1,-1,-1,1,-1,-1,1,-1
"4106",-1,1,-1,1,-1,0,1,-1
"4109",0,-1,-1,1,-1,1,1,1
"4127",-1,1,1,-1,-1,0,1,-1
"4132",1,1,-1,1,-1,1,1,1
"4135",1,1,-1,1,-1,0,1,1
"4138",1,1,-1,1,-1,-1,-1,1
"4140",0,1,-1,1,-1,-1,1,1
"4145",-1,1,1,1,-1,-1,-1,-1
"4150",0,1,-1,0,-1,-1,1,-1
"4152",-1,-1,-1,1,-1,-1,1,-1
"4158",0,-1,-1,1,1,0,1,1
"4160",1,1,-1,1,-1,1,1,1
"4162",0,-1,-1,1,-1,0,1,-1
"4165",-1,1,-1,1,-1,-1,1,-1
"4169",1,1,-1,1,-1,1,1,1
"4170",1,1,1,1,1,-1,1,1
"4172",1,1,-1,1,-1,1,1,1
"4176",-1,-1,-1,1,-1,-1,1,-1
"4181",-1,1,-1,1,-1,-1,1,1
"4192",1,1,-1,1,1,1,1,1
"4193",-1,-1,-1,-1,-1,0,1,-1
"4195",0,1,-1,1,-1,1,1,1
"4199",0,1,-1,1,-1,-1,1,1
"4201",1,1,-1,1,-1,1,1,1
"4205",-1,1,1,1,-1,-1,1,-1
"4218",-1,1,1,1,-1,0,-1,-1
"4219",-1,1,-1,-1,-1,0,1,-1
"4223",0,-1,-1,1,-1,-1,1,-1
"4224",0,1,-1,1,-1,0,1,1
"4233",0,1,-1,1,-1,-1,1,-1
"4234",1,1,-1,1,1,-1,1,1
"4235",-1,1,-1,1,-1,0,1,-1
"4236",0,1,1,1,-1,1,-1,-1
"4244",0,0,-1,1,-1,-1,1,1
"4245",1,1,-1,1,-1,1,1,1
"4254",1,1,-1,0,-1,1,1,1
"4261",0,-1,-1,1,1,0,1,1
"4262",-1,-1,-1,0,-1,1,1,-1
"4266",1,1,-1,1,-1,1,1,1
"4269",0,1,-1,1,-1,-1,1,-1
"4273",0,-1,-1,1,-1,-1,1,-1
"4274",-1,-1,-1,0,-1,0,1,-1
"4276",0,-1,-1,1,-1,0,1,-1
"4280",-1,1,-1,1,-1,0,1,-1
"4281",-1,-1,1,1,-1,-1,-1,-1
"4286",1,-1,-1,1,-1,1,1,1
"4287",0,1,1,1,-1,1,1,1
"4293",0,1,-1,1,-1,-1,-1,1
"4301",0,1,0,1,-1,1,1,1
"4302",0,1,-1,1,-1,1,1,1
"4306",0,-1,-1,1,-1,0,1,-1
"4309",-1,-1,-1,1,-1,0,1,-1
"4310",0,-1,-1,1,-1,0,1,1
"4311",0,1,-1,1,-1,0,1,1
"4312",0,1,1,1,-1,0,-1,1
"4315",0,-1,0,1,1,-1,1,1
"4321",0,1,-1,1,-1,1,1,1
"4322",1,1,-1,1,-1,-1,1,1
"4325",0,-1,-1,1,1,-1,1,1
"4328",-1,-1,-1,1,-1,-1,1,-1
"4333",0,-1,-1,1,1,1,1,1
"4335",0,1,0,1,-1,0,1,1
"4336",-1,1,-1,-1,-1,-1,1,-1
"4338",1,-1,-1,1,1,-1,1,1
"4339",1,1,-1,1,1,-1,1,1
"4340",0,0,-1,1,0,0,1,-1
"4342",-1,1,-1,1,-1,0,1,-1
"4354",0,1,-1,1,-1,-1,1,-1
"4355",-1,1,-1,1,-1,0,1,-1
"4362",-1,-1,-1,1,-1,-1,1,-1
"4370",-1,1,1,-1,-1,0,1,-1
"4374",0,-1,-1,1,1,0,1,1
"4375",0,-1,-1,1,-1,1,1,1
"4377",1,1,-1,1,0,0,1,1
"4382",-1,1,-1,1,-1,-1,1,-1
"4388",0,-1,-1,1,-1,1,1,-1
"4391",-1,-1,-1,1,-1,0,1,-1
"4401",1,1,-1,1,1,0,1,1
"4408",0,1,-1,1,1,-1,1,1
"4412",0,1,-1,1,-1,-1,1,-1
"4419",1,1,-1,-1,-1,1,1,1
"4420",-1,0,-1,1,-1,0,1,-1
"4430",0,1,1,1,-1,1,1,1
"4433",0,-1,-1,1,-1,1,-1,1
"4435",0,1,-1,1,1,1,-1,1
"4436",1,1,-1,1,0,-1,1,1
"4437",0,0,-1,0,-1,1,1,1
"4438",1,-1,-1,1,-1,1,1,1
"4441",1,1,1,1,1,-1,1,1
"4443",1,1,1,1,-1,0,1,-1
"4445",1,-1,-1,1,-1,0,1,1
"4446",1,1,-1,-1,-1,1,1,1
"4447",0,1,-1,1,1,-1,-1,1
"4448",1,-1,-1,1,1,-1,1,1
"4452",0,1,-1,1,-1,1,1,1
"4456",0,-1,-1,1,-1,-1,1,-1
"4457",0,1,-1,1,0,1,1,1
"4459",1,1,-1,1,-1,1,1,1
"4461",0,1,-1,1,-1,-1,0,1
"4464",0,-1,-1,1,-1,-1,0,-1
"4465",0,-1,-1,0,1,1,1,1
"4466",1,1,-1,1,-1,-1,1,1
"4467",-1,1,-1,1,-1,-1,1,-1
"4468",1,1,-1,1,-1,1,1,1
"4469",1,-1,-1,1,-1,1,1,1
"4471",0,1,-1,1,-1,0,1,1
"4473",0,-1,-1,1,-1,-1,1,-1
"4485",0,-1,-1,1,-1,-1,1,1
"4495",0,-1,-1,1,-1,-1,1,-1
"4498",0,1,1,1,1,0,-1,1
"4510",1,1,-1,1,1,0,1,1
"4513",0,1,-1,1,-1,-1,1,-1
"4518",1,1,-1,1,-1,1,1,1
"4519",0,0,-1,1,-1,0,1,1
"4520",1,-1,-1,1,-1,1,1,1
"4521",-1,-1,-1,1,-1,0,1,-1
"4523",0,-1,-1,1,-1,0,1,-1
"4530",0,1,-1,1,-1,-1,1,1
"4531",0,1,-1,1,-1,1,1,1
"4532",-1,-1,-1,-1,-1,0,1,-1
"4537",0,1,1,1,-1,0,1,1
"4538",1,1,-1,1,-1,1,-1,1
"4541",1,1,-1,1,-1,1,1,1
"4545",1,1,-1,1,1,1,1,1
"4547",-1,1,-1,1,-1,0,1,-1
"4549",0,-1,-1,1,-1,-1,0,-1
"4552",-1,-1,1,1,-1,-1,-1,-1
"4554",0,-1,0,1,-1,-1,1,-1
"4558",0,1,-1,1,1,1,-1,1
"4561",-1,-1,-1,1,-1,0,-1,-1
"4562",-1,-1,-1,1,-1,1,1,-1
"4563",-1,1,1,1,1,-1,1,1
"4570",1,1,-1,1,1,1,1,1
"4571",-1,-1,0,1,-1,0,-1,-1
"4573",-1,-1,-1,1,-1,0,-1,-1
"4576",1,1,1,1,1,-1,1,1
"4577",0,1,-1,1,1,1,1,1
"4578",-1,-1,-1,1,-1,1,1,-1
"4582",-1,-1,-1,1,-1,-1,1,-1
"4596",0,1,1,1,-1,1,1,1
"4609",0,1,1,1,-1,-1,1,-1
"4610",-1,1,-1,1,-1,-1,1,-1
"4614",0,1,1,-1,-1,-1,1,1
"4615",-1,1,-1,1,-1,0,1,-1
"4621",-1,1,1,1,-1,-1,1,-1
"4631",0,1,-1,1,-1,1,1,1
"4638",-1,1,-1,1,-1,-1,1,-1
"4639",0,1,-1,1,-1,0,1,1
"4640",-1,1,1,1,-1,-1,1,-1
"4641",0,-1,-1,0,-1,0,1,1
"4642",0,1,0,1,-1,0,1,1
"4645",-1,-1,-1,1,-1,0,1,-1
"4646",1,1,-1,1,1,-1,1,1
"4649",0,1,-1,1,-1,1,1,-1
"4653",0,-1,-1,1,-1,1,1,1
"4655",0,-1,-1,1,-1,-1,1,-1
"4657",0,1,-1,1,-1,1,1,1
"4658",-1,1,1,1,-1,-1,1,-1
"4659",0,1,-1,-1,-1,1,1,1
"4660",0,1,1,1,-1,-1,1,-1
"4664",-1,1,-1,1,-1,-1,-1,-1
"4672",1,1,-1,1,1,-1,1,1
"4673",1,1,1,1,-1,-1,1,1
"4676",0,-1,1,1,-1,0,1,1
"4683",-1,-1,-1,1,-1,0,1,-1
"4685",1,-1,-1,1,-1,0,1,1
"4687",0,-1,-1,1,-1,-1,1,1
"4690",0,1,-1,1,-1,-1,0,-1
"4692",-1,1,-1,1,-1,-1,1,-1
"4693",-1,1,-1,1,-1,-1,1,-1
"4696",0,1,-1,1,-1,-1,1,-1
"4700",0,1,-1,1,1,-1,1,1
"4704",-1,-1,-1,1,-1,-1,1,-1
"4706",0,1,-1,1,-1,0,1,1
"4709",0,-1,-1,1,-1,-1,1,-1
"4711",0,1,-1,1,1,1,1,1
"4714",0,-1,-1,1,-1,-1,1,-1
"4718",0,1,-1,1,-1,1,1,1
"4719",-1,-1,-1,1,-1,-1,1,-1
"4721",0,1,-1,1,-1,0,1,1
"4727",0,1,-1,1,1,1,1,1
"4728",1,-1,-1,1,-1,0,1,1
"4734",0,1,-1,1,-1,1,1,1
"4738",-1,-1,-1,1,-1,-1,1,-1
"4741",0,-1,-1,1,0,0,1,1
"4742",0,-1,-1,0,-1,0,1,1
"4743",0,1,-1,1,-1,0,-1,1
"4748",0,1,-1,1,-1,-1,1,1
"4750",1,-1,-1,1,-1,1,1,1
"4752",0,1,-1,1,-1,-1,1,-1
"4756",-1,1,-1,1,-1,-1,1,-1
"4772",0,-1,-1,1,-1,0,1,1
"4775",0,-1,-1,1,-1,1,1,1
"4779",-1,-1,-1,1,-1,0,1,-1
"4781",0,1,-1,1,-1,1,1,-1
"4784",-1,1,1,1,-1,-1,1,-1
"4786",0,-1,-1,1,-1,-1,1,-1
"4788",-1,1,-1,1,-1,-1,1,-1
"4790",0,1,-1,1,-1,0,1,-1
"4795",1,1,1,1,1,0,0,1
"4808",0,1,-1,1,-1,1,1,1
"4814",0,1,-1,1,-1,0,1,1
"4815",0,1,-1,1,-1,1,1,-1
"4818",0,1,1,1,-1,-1,1,1
"4823",0,-1,-1,1,-1,-1,1,1
"4824",0,-1,-1,1,-1,-1,-1,1
"4826",-1,1,-1,1,-1,-1,1,-1
"4828",1,1,-1,1,-1,-1,1,1
"4830",0,-1,-1,1,-1,-1,1,-1
"4833",0,1,-1,-1,-1,0,1,1
"4840",-1,1,-1,1,-1,0,1,-1
"4842",0,1,-1,1,-1,0,-1,1
"4843",0,1,1,1,-1,0,1,1
"4850",0,1,-1,1,-1,-1,1,1
"4851",-1,0,-1,1,-1,0,1,-1
"4854",0,0,-1,1,-1,0,1,1
"4856",0,-1,-1,1,-1,1,1,-1
"4857",0,-1,-1,1,-1,-1,1,-1
"4859",1,1,-1,1,-1,1,1,1
"4860",0,1,-1,1,-1,1,1,1
"4862",0,1,-1,1,-1,-1,1,1
"4872",0,-1,-1,1,1,-1,1,1
"4874",1,-1,-1,1,-1,0,1,1
"4875",-1,-1,-1,1,-1,-1,1,-1
"4881",-1,-1,-1,1,-1,0,1,-1
"4882",0,1,1,1,-1,-1,1,1
"4890",0,-1,-1,1,1,0,1,1
"4909",1,1,1,1,-1,0,1,1
"4911",-1,-1,-1,1,-1,0,1,-1
"4919",-1,-1,-1,1,-1,-1,1,-1
"4920",-1,-1,1,1,-1,0,1,-1
"4924",0,1,1,1,-1,1,1,1
"4929",1,1,-1,1,-1,0,1,1
"4939",0,1,-1,1,-1,0,1,1
"4941",-1,1,-1,-1,-1,0,1,-1
"4942",-1,1,-1,-1,-1,0,1,-1
"4943",0,-1,-1,1,-1,0,1,1
"4947",0,-1,-1,1,-1,1,1,-1
"4950",1,1,-1,1,-1,1,1,1
"4955",-1,-1,1,1,-1,0,1,-1
"4960",0,1,-1,1,-1,-1,1,1
"4966",1,1,-1,1,-1,1,0,1
"4968",0,1,-1,1,-1,1,1,-1
"4969",0,1,-1,1,1,0,-1,1
"4970",0,1,-1,1,-1,0,-1,1
"4974",-1,-1,-1,1,0,-1,1,-1
"4979",-1,-1,-1,1,-1,0,-1,-1
"4980",-1,1,1,-1,-1,0,1,-1
"4981",0,1,-1,1,-1,1,1,-1
"4985",0,-1,-1,1,-1,-1,1,1
"4986",0,1,1,1,-1,0,1,1
"4988",0,1,-1,1,1,-1,1,1
"4993",0,1,1,-1,-1,1,0,-1
"4994",-1,-1,-1,1,-1,1,1,-1
"4995",-1,-1,-1,1,-1,1,1,-1
"4996",1,1,-1,1,1,1,1,1
"5003",0,-1,-1,-1,-1,-1,1,1
"5004",-1,-1,-1,1,-1,1,1,-1
"5012",-1,-1,-1,-1,-1,0,1,-1
"5016",0,1,-1,1,-1,-1,1,1
"5018",0,1,-1,1,-1,1,1,1
"5030",0,1,1,1,-1,1,1,1
"5037",1,-1,-1,1,-1,-1,1,-1
"5038",0,1,-1,1,-1,0,1,1
"5041",-1,1,-1,-1,-1,0,1,-1
"5046",0,1,1,1,-1,1,1,1
"5048",0,1,-1,1,-1,-1,1,1
"5052",0,-1,-1,-1,-1,-1,1,-1
"5057",-1,-1,0,1,-1,0,1,-1
"5065",0,1,-1,1,1,-1,1,1
"5073",0,-1,-1,1,-1,0,1,1
"5074",-1,1,-1,1,-1,0,1,-1
"5075",0,1,-1,1,-1,-1,1,1
"5078",1,1,0,1,-1,0,1,1
"5081",0,1,-1,1,-1,-1,1,-1
"5083",1,-1,-1,1,-1,1,1,1
"5085",-1,-1,-1,1,-1,0,1,-1
"5094",1,1,-1,1,-1,0,1,1
"5096",0,-1,-1,1,-1,-1,1,-1
"5098",-1,-1,-1,1,-1,0,0,-1
"5099",-1,-1,-1,1,-1,-1,1,-1
"5104",-1,-1,-1,1,0,0,1,-1
"5106",-1,1,1,1,-1,0,-1,-1
"5108",1,-1,-1,1,-1,0,1,1
"5111",0,1,-1,1,-1,1,1,-1
"5114",-1,1,0,1,-1,1,1,-1
"5120",1,-1,-1,1,1,0,1,1
"5123",0,1,-1,1,-1,0,1,1
"5124",1,0,-1,1,-1,1,1,1
"5126",1,-1,-1,-1,-1,0,-1,-1
"5129",0,-1,-1,-1,-1,0,1,-1
"5133",-1,-1,-1,1,-1,0,-1,-1
"5137",0,1,-1,-1,-1,1,1,1
"5141",-1,-1,0,1,-1,0,1,-1
"5147",-1,-1,0,-1,-1,0,-1,-1
"5153",0,1,-1,-1,-1,0,-1,1
"5154",0,-1,-1,1,-1,1,1,1
"5159",0,-1,-1,-1,-1,1,1,1
"5162",0,1,-1,1,-1,1,1,1
"5163",1,1,1,1,-1,1,-1,1
"5164",1,1,-1,1,-1,1,1,1
"5173",0,1,0,-1,-1,1,-1,1
"5176",0,-1,-1,-1,-1,-1,1,1
"5178",0,0,-1,1,-1,1,1,1
"5181",0,-1,-1,-1,-1,1,1,1
"5185",0,-1,-1,0,1,-1,1,1
"5188",1,1,1,1,-1,1,1,1
"5195",-1,1,-1,-1,-1,0,1,-1
"5196",-1,1,-1,-1,-1,1,-1,-1
"5201",1,-1,-1,-1,1,1,1,1
"5204",-1,-1,1,1,-1,0,-1,-1
"5205",0,1,1,-1,1,1,1,1
"5208",-1,-1,-1,-1,-1,0,-1,-1
"5212",0,1,1,-1,-1,0,-1,1
"5213",-1,-1,1,1,-1,0,-1,-1
"5218",0,-1,-1,1,-1,1,-1,1
"5219",0,1,1,1,1,0,1,1
"5222",0,1,1,1,-1,1,-1,1
"5231",-1,1,-1,1,-1,0,-1,-1
"5236",1,-1,-1,1,-1,0,-1,1
"5239",1,-1,-1,1,-1,0,-1,-1
"5246",1,-1,-1,-1,-1,0,-1,-1
"5249",0,1,1,1,-1,-1,-1,1
"5255",0,-1,0,-1,-1,1,-1,1
"5256",0,1,1,-1,-1,-1,1,1
"5257",-1,0,-1,1,-1,0,1,-1
"5260",-1,-1,-1,1,-1,0,-1,-1
"5261",0,1,0,1,-1,1,-1,1
"5263",1,-1,-1,-1,-1,0,-1,-1
"5266",0,-1,-1,1,-1,0,1,-1
"5268",1,-1,-1,1,-1,-1,1,1
"5270",1,1,-1,1,-1,1,1,1
"5272",0,1,-1,-1,-1,-1,1,1
"5273",0,1,1,-1,-1,1,1,1
"5274",1,-1,-1,1,-1,-1,1,1
"5276",0,-1,-1,1,-1,0,-1,-1
"5277",0,-1,-1,1,-1,1,1,1
"5278",-1,-1,-1,0,-1,0,-1,-1
"5284",-1,1,-1,1,-1,0,-1,-1
"5286",-1,-1,-1,-1,-1,1,-1,-1
"5289",1,1,1,-1,1,-1,1,1
"5298",0,1,-1,-1,-1,-1,-1,1
"5300",1,1,1,1,-1,1,-1,1
"5309",1,1,-1,-1,-1,1,1,1
"5310",0,1,-1,1,-1,-1,1,1
"5314",0,-1,0,1,-1,0,1,-1
"5315",-1,-1,-1,1,-1,0,-1,-1
"5317",-1,1,1,1,-1,0,1,-1
"5318",0,1,1,-1,-1,-1,-1,-1
"5322",0,1,1,-1,1,0,1,1
"5331",0,1,-1,1,-1,1,1,1
"5334",0,1,-1,1,-1,0,1,1
"5338",-1,-1,-1,1,-1,0,-1,-1
"5344",0,1,1,-1,1,1,-1,1
"5366",1,1,-1,1,-1,-1,1,1
"5368",1,-1,-1,1,-1,0,-1,-1
"5370",0,1,-1,1,-1,1,1,1
"5372",1,-1,-1,1,1,1,0,1
"5376",1,-1,-1,-1,-1,-1,1,1
"5377",0,1,0,1,-1,1,-1,1
"5386",-1,1,1,-1,-1,0,-1,-1
"5388",1,1,-1,1,-1,0,1,1
"5398",-1,-1,-1,-1,-1,0,1,-1
"5402",0,1,-1,0,-1,0,-1,-1
"5405",0,-1,-1,0,-1,1,-1,-1
"5418",-1,1,-1,1,-1,0,-1,-1
"5420",0,1,1,-1,1,1,1,1
"5421",-1,-1,-1,1,-1,0,-1,-1
"5423",1,-1,-1,1,1,0,-1,1
"5426",0,-1,-1,1,-1,0,1,1
"5430",0,1,1,1,-1,1,-1,1
"5432",-1,1,1,-1,-1,0,-1,-1
"5436",-1,1,-1,1,-1,0,1,-1
"5437",1,-1,-1,1,-1,0,1,1
"5443",1,1,1,1,1,1,-1,1
"5450",-1,-1,0,1,-1,0,1,-1
"5454",1,1,-1,-1,1,1,-1,1
"5456",1,1,-1,-1,-1,0,-1,-1
"5457",0,1,-1,-1,-1,0,-1,1
"5462",1,1,1,1,1,1,1,1
"5466",1,1,1,-1,-1,0,1,-1
"5468",1,1,1,1,1,1,-1,1
"5473",-1,1,1,1,-1,0,-1,-1
"5474",0,1,-1,1,-1,1,-1,-1
"5478",0,-1,-1,1,-1,1,1,1
"5482",1,-1,-1,-1,-1,1,1,1
"5483",0,1,-1,1,1,0,1,1
"5487",-1,-1,-1,1,-1,1,1,-1
"5488",-1,-1,-1,1,-1,1,-1,-1
"5492",1,-1,-1,1,1,-1,-1,1
"5493",1,1,-1,1,-1,-1,1,1
"5494",0,1,-1,-1,-1,1,-1,1
"5500",-1,-1,-1,-1,-1,0,-1,-1
"5502",0,1,1,-1,-1,1,-1,1
"5504",-1,1,1,1,-1,0,-1,-1
"5511",0,1,-1,1,-1,1,-1,1
"5513",1,-1,-1,-1,1,1,-1,1
"5519",0,1,1,-1,-1,1,-1,1
"5522",0,1,1,1,-1,0,1,1
"5536",0,1,-1,1,-1,0,-1,-1
"5549",1,1,-1,1,1,1,1,1
"5556",-1,1,-1,1,-1,0,1,-1
"5559",0,1,0,-1,-1,1,1,1
"5564",0,1,-1,1,-1,1,-1,1
"5565",1,1,-1,1,-1,0,-1,1
"5566",-1,-1,-1,1,-1,0,1,-1
"5570",0,-1,-1,1,-1,0,-1,-1
"5573",0,-1,-1,1,0,1,-1,1
"5574",1,-1,-1,1,1,0,-1,1
"5575",0,1,-1,1,-1,1,-1,1
"5579",0,1,-1,0,-1,1,-1,1
"5584",1,1,-1,-1,-1,1,0,-1
"5588",0,1,-1,-1,-1,1,1,1
"5589",0,1,-1,-1,-1,1,1,1
"5591",0,-1,-1,-1,-1,0,-1,-1
"5592",0,-1,-1,-1,-1,1,1,1
"5599",-1,-1,-1,1,-1,1,-1,-1
"5600",0,-1,-1,-1,-1,1,-1,1
"5602",0,-1,-1,1,-1,0,1,-1
"5612",1,-1,-1,1,-1,1,1,1
"5615",-1,-1,-1,1,-1,0,-1,-1
"5617",0,1,-1,1,-1,0,1,1
"5624",0,-1,-1,1,-1,-1,1,-1
"5625",0,1,-1,1,1,1,-1,1
"5632",0,1,1,-1,-1,-1,-1,1
"5639",-1,-1,-1,-1,-1,0,-1,-1
"5643",-1,1,-1,-1,-1,0,-1,-1
"5645",-1,-1,-1,1,-1,0,-1,-1
"5647",1,1,1,1,-1,-1,1,1
"5663",1,1,-1,1,-1,1,-1,1
"5665",0,1,-1,1,-1,-1,1,-1
"5672",1,1,1,1,-1,1,-1,1
"5673",-1,-1,-1,-1,-1,0,-1,-1
"5675",-1,1,-1,1,-1,0,-1,-1
"5678",0,1,-1,-1,-1,1,-1,1
"5683",1,-1,1,-1,-1,-1,-1,1
"5687",0,1,-1,1,-1,-1,-1,1
"5688",0,1,-1,1,1,1,0,1
"5694",-1,-1,-1,-1,-1,1,1,-1
"5696",1,-1,-1,1,1,-1,1,1
"5698",-1,0,-1,1,-1,0,-1,-1
"5700",-1,-1,-1,1,-1,1,1,-1
"5701",0,-1,-1,1,-1,0,1,-1
"5705",1,1,-1,1,1,-1,-1,1
"5706",1,-1,-1,0,1,1,1,1
"5708",-1,-1,-1,-1,-1,1,-1,-1
"5711",0,-1,-1,1,-1,1,1,1
"5717",0,1,-1,1,1,1,-1,1
"5719",0,1,0,1,1,1,1,1
"5727",-1,-1,-1,-1,-1,0,-1,-1
"5728",1,1,1,1,-1,1,1,-1
"5736",-1,1,1,1,-1,1,-1,-1
"5739",-1,1,1,1,-1,0,-1,-1
"5743",-1,-1,0,1,-1,1,1,-1
"5746",-1,1,1,-1,-1,1,-1,-1
"5747",0,1,-1,-1,-1,0,1,-1
"5748",1,1,-1,1,1,0,-1,1
"5751",-1,1,-1,-1,-1,-1,1,-1
"5756",-1,1,-1,1,-1,0,1,-1
"5758",-1,-1,-1,1,-1,0,-1,-1
"5765",0,1,-1,1,1,1,-1,1
"5767",-1,-1,-1,1,-1,0,-1,-1
"5768",0,-1,-1,1,-1,0,-1,-1
"5770",1,1,-1,1,1,1,1,1
"5774",-1,-1,-1,1,-1,0,-1,-1
"5777",1,-1,-1,1,-1,-1,-1,1
"5779",0,-1,1,1,-1,1,1,1
"5783",0,1,1,1,-1,-1,-1,1
"5784",-1,1,1,1,-1,-1,-1,-1
"5785",0,1,1,-1,-1,-1,1,1
"5786",-1,-1,-1,1,-1,-1,-1,-1
"5790",0,-1,0,1,-1,0,-1,-1
"5792",-1,-1,-1,-1,-1,0,-1,-1
"5801",1,-1,0,1,-1,1,-1,1
"5803",1,1,-1,1,-1,1,1,1
"5806",0,-1,-1,1,-1,0,1,-1
"5807",-1,-1,-1,1,-1,0,-1,-1
"5808",0,-1,0,-1,-1,-1,1,1
"5811",1,1,-1,-1,-1,1,-1,1
"5820",-1,-1,-1,1,-1,0,-1,-1
"5826",0,-1,-1,0,-1,1,1,1
"5827",0,1,-1,1,-1,1,-1,1
"5831",1,-1,-1,1,-1,0,-1,1
"5838",0,1,-1,1,-1,1,-1,-1
"5839",0,1,-1,1,-1,1,1,1
"5840",0,1,1,1,-1,1,-1,1
"5841",1,1,-1,-1,1,1,0,1
"5845",0,-1,1,-1,-1,-1,-1,1
"5854",-1,-1,-1,-1,-1,0,-1,-1
"5856",-1,0,1,-1,-1,0,-1,-1
"5859",0,1,-1,1,1,-1,-1,1
"5862",-1,-1,-1,1,-1,0,-1,-1
"5863",-1,-1,-1,-1,-1,0,-1,-1
"5866",0,1,-1,1,-1,0,1,-1
"5867",0,-1,-1,1,-1,-1,-1,1
"5870",-1,1,-1,1,-1,0,-1,-1
"5871",0,1,-1,1,-1,1,-1,1
"5874",1,-1,-1,1,-1,-1,-1,1
"5875",0,0,-1,-1,-1,0,-1,-1
"5880",0,-1,-1,1,-1,1,-1,1
"5881",-1,-1,-1,1,-1,1,-1,-1
"5882",-1,0,-1,1,-1,0,1,-1
"5887",-1,-1,-1,1,-1,1,1,-1
"5898",-1,-1,-1,-1,-1,0,0,-1
"5900",-1,1,1,-1,-1,0,-1,-1
"5901",0,-1,-1,1,-1,1,0,1
"5906",0,1,-1,1,1,-1,1,1
"5907",0,-1,-1,-1,-1,0,-1,-1
"5913",-1,-1,-1,-1,-1,0,1,-1
"5914",1,-1,-1,1,1,0,-1,1
"5916",0,1,-1,1,-1,1,-1,-1
"5919",0,1,-1,1,-1,1,1,1
"5922",0,1,-1,1,-1,1,1,1
"5926",0,1,-1,1,-1,1,1,1
"5928",0,1,-1,1,-1,-1,-1,1
"5930",0,1,-1,1,-1,1,-1,1
"5932",1,1,-1,-1,-1,0,1,1
"5939",0,-1,-1,1,-1,0,-1,1
"5942",0,-1,-1,1,1,0,1,1
"5949",-1,-1,-1,1,-1,0,-1,-1
"5951",-1,-1,-1,1,-1,0,-1,-1
"5953",0,-1,-1,1,-1,0,1,1
"5956",-1,-1,-1,-1,-1,0,-1,-1
"5958",-1,-1,-1,1,-1,0,-1,-1
"5959",0,1,-1,1,-1,1,-1,1
"5961",1,1,-1,1,-1,0,1,1
"5965",0,1,-1,-1,-1,1,1,1
"5969",0,-1,-1,1,-1,0,1,1
"5971",0,1,-1,1,-1,0,-1,1
"5975",-1,1,-1,1,-1,1,1,-1
"5980",0,-1,-1,1,-1,0,1,1
"5983",0,1,1,1,-1,0,-1,1
"5986",0,1,-1,1,1,1,-1,1
"5993",1,1,-1,1,1,1,1,1
"5998",0,-1,-1,1,-1,0,-1,-1
"6000",-1,-1,-1,1,-1,0,-1,-1
"6002",-1,1,1,1,-1,-1,-1,-1
"6003",0,1,1,1,-1,1,-1,1
"6005",0,-1,-1,-1,-1,0,-1,-1
"6007",-1,1,1,1,-1,0,1,-1
"6010",1,1,-1,1,-1,1,1,1
"6019",0,1,0,1,-1,1,1,1
"6021",-1,-1,0,1,-1,0,-1,-1
"6026",0,1,1,-1,-1,0,1,1
"6029",0,1,-1,1,-1,0,1,-1
"6044",-1,-1,-1,1,-1,0,1,-1
"6045",0,1,1,1,-1,1,1,1
"6051",0,-1,-1,1,-1,0,-1,-1
"6062",-1,0,-1,-1,-1,0,-1,-1
"6070",-1,1,1,-1,-1,1,1,-1
"6071",-1,1,-1,1,-1,0,-1,-1
"6073",0,1,1,-1,-1,-1,-1,1
"6076",0,0,-1,-1,-1,0,1,1
"6080",0,1,-1,1,-1,0,-1,1
"6082",-1,1,1,1,-1,0,-1,-1
"6084",0,-1,-1,1,-1,0,-1,-1
"6089",-1,-1,-1,1,-1,1,-1,-1
"6094",0,1,-1,1,-1,-1,1,1
"6109",-1,1,-1,1,-1,1,-1,-1
"6113",-1,1,-1,1,-1,1,1,-1
"6116",0,1,-1,1,-1,1,1,1
"6117",-1,1,-1,1,-1,1,1,-1
"6118",0,-1,-1,1,-1,0,-1,1
"6120",0,1,-1,-1,1,1,-1,1
"6121",1,1,-1,1,1,1,1,1
"6129",-1,1,1,1,-1,1,1,-1
"6131",0,-1,-1,1,-1,-1,-1,1
"6132",-1,-1,-1,1,-1,0,-1,-1
"6135",0,-1,-1,1,-1,1,1,1
"6136",-1,1,1,1,-1,0,-1,-1
"6137",-1,1,-1,1,0,0,-1,-1
"6139",0,1,-1,1,-1,0,-1,1
"6140",0,1,-1,1,-1,0,1,-1
"6142",1,1,1,1,-1,1,-1,1
"6143",0,1,-1,1,-1,-1,1,1
"6150",-1,-1,1,1,-1,0,-1,-1
"6153",0,1,-1,-1,-1,1,1,1
"6155",-1,-1,0,1,-1,0,-1,-1
"6169",1,1,1,1,1,1,-1,1
"6176",0,1,-1,1,-1,1,0,1
"6177",0,1,-1,1,-1,-1,1,1
"6178",0,-1,-1,1,-1,-1,1,1
"6180",-1,-1,-1,-1,-1,0,-1,-1
"6183",-1,1,-1,1,-1,0,-1,-1
"6187",-1,-1,-1,-1,-1,0,1,-1
"6190",0,1,-1,1,-1,1,-1,1
"6200",-1,1,1,1,-1,0,-1,-1
"6201",1,1,-1,1,1,0,-1,1
"6204",0,1,1,1,-1,-1,1,1
"6208",-1,-1,-1,1,-1,0,1,-1
"6219",-1,1,1,1,-1,0,-1,-1
"6222",-1,-1,-1,-1,-1,-1,1,-1
"6224",0,-1,-1,1,-1,0,-1,1
"6227",1,1,-1,1,-1,1,1,1
"6231",0,1,-1,1,-1,-1,1,-1
"6233",-1,1,-1,1,-1,-1,-1,-1
"6243",-1,-1,-1,1,-1,0,1,-1
"6247",1,1,1,1,-1,1,1,1
"6248",1,1,-1,1,1,1,1,1
"6249",1,1,-1,1,-1,-1,1,1
"6254",0,1,-1,1,-1,0,-1,-1
"6258",-1,-1,-1,-1,-1,0,-1,-1
"6268",-1,-1,-1,-1,-1,0,-1,-1
"6276",0,1,-1,-1,-1,0,-1,-1
"6279",0,-1,1,-1,1,1,-1,1
"6282",0,1,-1,1,-1,0,-1,-1
"6284",-1,1,-1,1,-1,1,-1,-1
"6285",0,1,-1,1,-1,0,1,1
"6287",-1,1,-1,1,-1,1,-1,-1
"6290",1,1,-1,1,1,1,0,1
"6292",-1,0,-1,-1,-1,0,-1,-1
"6293",1,1,-1,1,0,1,1,1
"6294",0,1,1,1,-1,1,-1,-1
"6295",-1,1,1,1,-1,0,1,-1
"6311",-1,-1,-1,1,-1,1,-1,-1
"6315",0,1,1,1,-1,1,1,1
"6316",0,-1,-1,1,-1,-1,-1,-1
"6321",-1,1,-1,1,-1,0,-1,-1
"6325",-1,-1,-1,1,-1,0,-1,-1
"6329",0,1,1,1,-1,-1,0,1
"6334",0,1,-1,-1,-1,0,1,1
"6335",1,1,-1,1,1,-1,1,1
"6343",0,1,-1,1,-1,1,-1,1
"6347",0,1,-1,1,-1,0,-1,-1
"6355",-1,-1,-1,1,-1,0,-1,-1
"6356",0,1,-1,1,-1,-1,1,-1
"6362",0,1,-1,1,-1,0,1,-1
"6365",0,-1,-1,1,-1,0,-1,-1
"6370",0,-1,-1,1,-1,0,-1,1
"6371",0,1,-1,1,-1,0,-1,-1
"6372",0,1,-1,1,-1,-1,1,-1
"6373",0,-1,-1,1,-1,1,-1,1
"6374",-1,-1,-1,1,-1,-1,0,-1
"6376",-1,1,1,1,-1,-1,-1,-1
"6381",-1,1,1,1,-1,1,-1,-1
"6385",-1,1,1,1,-1,0,-1,-1
"6387",1,-1,-1,1,1,1,1,1
"6394",0,1,1,1,1,0,1,1
"6397",0,1,-1,0,-1,1,-1,1
"6399",1,1,-1,1,-1,0,1,1
"6400",0,1,-1,1,-1,1,1,1
"6404",0,1,1,1,-1,0,1,1
"6406",0,1,-1,1,-1,0,1,-1
"6420",1,0,1,1,-1,0,1,1
"6432",0,1,-1,1,-1,1,-1,1
"6435",1,1,1,1,-1,0,1,1
"6437",1,1,-1,1,1,1,-1,1
"6439",1,1,-1,1,-1,1,1,1
"6440",-1,1,-1,1,-1,0,1,-1
"6443",1,1,-1,1,-1,1,-1,1
"6444",0,-1,-1,1,-1,0,1,-1
"6446",0,-1,-1,1,-1,1,-1,-1
"6448",0,-1,-1,1,-1,0,1,-1
"6451",0,1,-1,1,-1,0,-1,-1
"6460",-1,1,1,1,-1,0,-1,-1
"6470",1,1,-1,1,-1,1,1,1
"6474",-1,-1,-1,1,-1,0,1,-1
"6476",0,-1,-1,1,-1,1,-1,1
"6484",0,-1,-1,-1,0,0,1,-1
"6485",0,1,-1,1,-1,0,-1,-1
"6487",1,1,-1,0,1,-1,1,1
"6489",0,1,-1,1,-1,0,1,1
"6497",-1,-1,-1,-1,-1,1,-1,-1
"6500",0,1,-1,1,-1,-1,1,1
"6501",0,-1,-1,1,-1,-1,1,1
"6504",1,-1,-1,1,-1,1,-1,1
"6505",-1,1,-1,-1,-1,0,-1,-1
"6512",1,1,-1,0,-1,1,1,1
"6518",-1,-1,-1,1,-1,1,-1,-1
"6521",1,-1,-1,1,-1,1,-1,1
"6522",0,0,-1,1,-1,0,-1,-1
"6528",-1,-1,-1,-1,-1,1,-1,-1
"6536",-1,1,-1,1,-1,0,-1,-1
"6538",0,-1,-1,1,-1,0,-1,-1
"6539",1,1,-1,-1,1,1,1,1
"6541",0,1,-1,1,-1,0,1,-1
"6544",1,-1,-1,1,-1,1,1,1
"6550",-1,1,-1,1,-1,0,-1,-1
"6552",-1,1,-1,1,-1,0,1,-1
"6553",0,1,-1,1,-1,0,1,1
"6555",1,1,-1,1,-1,0,1,1
"6558",0,1,-1,1,1,1,-1,1
"6559",0,-1,-1,1,-1,1,1,1
"6566",1,-1,-1,1,1,1,1,1
"6567",0,-1,-1,1,-1,-1,-1,1
"6571",0,1,-1,-1,-1,-1,-1,1
"6579",1,-1,-1,1,-1,1,0,1
"6587",1,-1,-1,1,-1,0,1,1
"6588",-1,-1,-1,1,-1,0,1,-1
"6589",0,1,-1,1,-1,1,-1,1
"6590",-1,1,-1,-1,-1,1,-1,-1
"6594",0,1,-1,1,-1,0,-1,-1
"6596",0,1,-1,1,-1,1,1,1
"6601",0,1,-1,1,1,0,-1,1
"6602",-1,-1,-1,1,-1,0,0,-1
"6610",1,-1,-1,1,-1,0,-1,-1
"6613",-1,1,0,1,-1,0,1,-1
"6621",1,-1,0,1,-1,-1,1,1
"6622",0,-1,-1,1,-1,0,-1,-1
"6624",-1,1,-1,1,-1,1,1,-1
"6628",1,1,-1,-1,-1,1,1,1
"6631",0,-1,-1,1,-1,1,1,-1
"6643",-1,-1,1,1,-1,1,1,-1
"6649",-1,1,-1,-1,-1,0,-1,-1
"6653",1,1,-1,-1,-1,1,-1,1
"6654",0,-1,-1,1,-1,0,1,1
"6655",1,-1,-1,-1,-1,1,-1,1
"6657",-1,1,-1,-1,-1,0,-1,-1
"6659",0,-1,-1,1,-1,0,-1,-1
"6668",1,1,1,-1,-1,0,-1,1
"6684",0,-1,-1,1,-1,0,-1,-1
"6688",0,1,-1,1,-1,0,1,1
"6690",0,1,1,-1,1,0,-1,1
"6691",-1,-1,-1,1,-1,1,-1,-1
"6694",-1,-1,-1,-1,-1,0,-1,-1
"6697",1,1,-1,1,1,1,1,1
"6698",-1,-1,-1,-1,-1,0,-1,-1
"6701",0,-1,-1,1,-1,0,1,-1
"6706",1,-1,-1,1,-1,1,1,1
"6709",-1,-1,-1,1,-1,0,1,-1
"6717",1,1,-1,1,0,0,1,1
"6721",0,1,-1,1,-1,0,-1,1
"6723",1,1,-1,1,1,1,-1,1
"6736",1,1,1,-1,-1,1,1,1
"6743",-1,-1,-1,-1,-1,0,-1,-1
"6747",0,-1,-1,1,-1,1,1,-1
"6749",0,1,-1,1,-1,1,-1,1
"6752",0,1,-1,1,-1,0,-1,1
"6757",0,1,-1,1,-1,1,-1,-1
"6761",0,1,-1,1,-1,0,-1,-1
"6769",0,1,-1,1,-1,1,-1,1
"6771",1,-1,-1,-1,-1,1,-1,1
"6772",0,1,-1,1,-1,1,-1,1
"6776",-1,1,-1,1,0,0,-1,-1
"6777",1,1,-1,1,-1,1,1,1
"6778",0,1,-1,1,-1,1,1,1
"6780",0,1,-1,1,1,0,1,1
"6786",0,1,1,1,-1,1,1,1
"6791",1,1,-1,1,1,1,1,1
"6797",-1,1,1,1,-1,-1,-1,-1
"6800",0,1,-1,1,-1,-1,-1,-1
"6804",1,1,-1,1,1,1,0,1
"6807",-1,-1,-1,1,-1,1,1,-1
"6814",0,1,-1,1,-1,1,1,1
"6818",-1,-1,-1,-1,-1,1,-1,-1
"6823",0,1,-1,-1,-1,1,-1,1
"6828",0,-1,0,1,1,0,1,1
"6831",0,-1,-1,1,-1,1,1,1
"6837",-1,-1,-1,1,-1,-1,0,-1
"6842",1,1,-1,1,-1,1,1,1
"6843",1,1,-1,1,1,1,1,1
"6846",-1,-1,-1,1,-1,-1,1,-1
"6852",-1,-1,1,1,-1,-1,-1,-1
"6854",1,1,-1,1,-1,1,-1,1
"6860",0,-1,-1,1,-1,1,-1,1
"6861",-1,1,1,-1,-1,1,-1,-1
"6863",-1,-1,-1,1,-1,1,1,-1
"6868",0,1,1,1,-1,1,-1,1
"6869",0,1,-1,1,-1,0,1,1
"6872",0,1,-1,1,-1,1,1,1
"6877",0,1,-1,1,-1,0,1,-1
"6878",0,-1,-1,1,-1,0,-1,1
"6889",-1,1,-1,1,-1,0,1,-1
"6893",0,-1,-1,1,-1,0,1,-1
"6895",0,1,-1,1,1,-1,1,1
"6902",0,1,-1,1,1,1,1,1
"6911",0,1,-1,1,-1,-1,1,1
"6912",1,-1,-1,1,-1,1,-1,1
"6919",-1,1,-1,1,-1,1,-1,-1
"6920",0,0,-1,-1,-1,1,1,1
"6921",0,-1,-1,1,-1,-1,1,1
"6922",1,-1,-1,1,-1,1,-1,-1
"6923",1,-1,-1,1,1,1,1,1
"6926",1,-1,-1,1,-1,-1,1,1
"6927",0,1,-1,1,-1,-1,1,1
"6930",1,1,-1,-1,1,1,-1,1
"6937",-1,-1,-1,1,-1,0,1,-1
"6938",-1,-1,-1,1,-1,0,-1,-1
"6941",-1,-1,-1,1,-1,0,-1,-1
"6942",0,1,-1,1,-1,-1,-1,1
"6944",-1,-1,-1,1,-1,1,-1,-1
"6947",1,-1,-1,1,-1,1,1,1
"6949",1,1,-1,1,-1,0,-1,1
"6950",-1,1,-1,1,-1,0,1,-1
"6951",-1,-1,1,-1,-1,0,-1,-1
"6955",-1,-1,-1,1,-1,0,-1,-1
"6957",0,1,1,1,-1,1,1,1
"6962",0,1,-1,1,-1,-1,1,1
"6971",0,1,-1,1,-1,1,1,1
"6972",0,1,-1,-1,-1,1,1,1
"6973",-1,-1,-1,1,-1,0,-1,-1
"6976",0,-1,-1,1,-1,0,-1,-1
"6978",-1,-1,1,1,-1,0,1,-1
"6983",0,-1,-1,1,-1,0,-1,-1
"6984",1,1,-1,1,-1,0,-1,1
"6987",1,1,-1,1,-1,1,1,1
"6992",1,1,-1,1,-1,1,1,1
"6999",0,1,-1,1,-1,1,-1,1
"7000",0,1,-1,1,-1,0,-1,-1
"7011",0,-1,-1,1,-1,0,1,-1
"7013",0,1,1,-1,-1,-1,-1,1
"7019",0,1,-1,1,-1,1,-1,1
"7022",-1,-1,-1,-1,0,0,-1,-1
"7025",-1,1,-1,-1,-1,0,1,-1
"7034",0,-1,-1,-1,-1,-1,1,1
"7036",0,1,1,-1,-1,0,1,1
"7039",-1,-1,-1,1,-1,0,-1,-1
"7043",0,1,-1,1,-1,0,1,1
"7047",1,1,-1,1,1,-1,1,1
"7049",0,1,1,1,-1,1,1,1
"7058",0,-1,-1,1,-1,1,-1,-1
"7059",-1,-1,-1,1,-1,0,1,-1
"7062",0,1,-1,-1,-1,0,1,1
"7069",1,-1,-1,-1,1,1,1,1
"7070",0,-1,1,1,-1,1,1,1
"7071",1,1,-1,1,1,0,1,1
"7073",0,-1,-1,1,-1,-1,-1,1
"7077",1,-1,-1,1,-1,-1,-1,1
"7081",0,-1,-1,1,-1,1,1,1
"7082",0,1,-1,1,-1,1,1,-1
"7085",0,1,1,1,-1,1,-1,-1
"7086",-1,-1,-1,1,-1,0,-1,-1
"7091",1,1,1,-1,1,0,1,1
"7093",1,1,-1,1,-1,0,1,1
"7096",0,1,-1,1,-1,1,1,1
"7102",1,1,-1,1,1,-1,1,1
"7104",0,1,-1,1,-1,0,1,-1
"7106",1,1,-1,1,-1,1,-1,1
"7108",1,-1,-1,-1,-1,1,1,1
"7110",0,1,-1,1,-1,1,1,1
"7111",1,1,1,1,1,-1,-1,1
"7118",1,-1,-1,1,1,0,-1,1
"7120",0,1,-1,1,-1,-1,-1,1
"7125",0,-1,-1,1,1,0,1,1
"7128",0,1,1,-1,-1,0,1,1
"7130",0,1,-1,1,-1,-1,1,1
"7134",0,-1,-1,1,-1,0,-1,-1
"7136",1,1,-1,1,-1,-1,1,1
"7139",1,-1,-1,1,-1,1,-1,1
"7146",1,1,-1,1,1,1,1,1
"7147",-1,1,-1,-1,-1,0,1,-1
"7152",1,1,-1,1,-1,1,-1,1
"7158",0,-1,-1,1,-1,0,1,-1
"7162",1,1,-1,1,-1,-1,1,1
"7163",-1,-1,-1,1,0,1,-1,-1
"7164",-1,-1,-1,1,-1,0,1,-1
"7165",0,-1,-1,1,-1,0,1,-1
"7167",1,1,-1,1,0,1,1,1
"7168",0,1,1,-1,1,-1,-1,1
"7173",0,1,1,1,-1,1,-1,-1
"7174",0,1,-1,1,1,1,-1,1
"7180",1,1,-1,1,1,0,1,1
"7182",1,1,1,1,-1,0,0,1
"7184",0,1,-1,1,0,-1,-1,1
"7185",0,0,-1,1,-1,-1,1,1
"7186",-1,1,-1,1,-1,0,1,-1
"7191",-1,-1,-1,-1,-1,1,-1,-1
"7195",0,-1,-1,1,-1,0,1,-1
"7198",0,1,-1,1,-1,-1,-1,1
"7200",0,1,-1,1,-1,-1,-1,1
"7201",0,1,-1,1,-1,1,-1,1
"7203",-1,-1,-1,-1,-1,0,-1,-1
"7205",-1,-1,-1,1,-1,0,-1,-1
"7207",0,1,1,1,-1,-1,1,1
"7208",1,1,-1,1,-1,1,-1,1
"7218",-1,-1,-1,1,-1,1,1,-1
"7221",1,1,-1,1,-1,-1,1,1
"7225",0,-1,-1,1,-1,0,-1,-1
"7226",-1,-1,1,1,-1,1,0,-1
"7230",1,1,-1,1,1,0,1,1
"7235",1,-1,-1,1,-1,0,1,1
"7238",-1,-1,-1,1,-1,1,-1,-1
"7239",-1,-1,-1,-1,-1,0,0,-1
"7244",-1,1,-1,1,-1,0,-1,-1
"7246",1,1,1,1,1,1,-1,1
"7255",-1,1,-1,1,-1,0,-1,-1
"7257",1,1,-1,1,-1,0,1,1
"7258",1,-1,-1,0,-1,1,-1,1
"7262",1,-1,-1,1,1,-1,-1,1
"7265",1,1,-1,1,-1,0,-1,1
"7266",0,1,1,1,-1,1,-1,1
"7270",-1,1,1,1,-1,-1,-1,-1
"7278",-1,-1,-1,-1,-1,1,-1,-1
"7287",0,-1,-1,1,-1,1,1,1
"7290",0,-1,-1,1,-1,0,1,1
"7291",-1,1,1,-1,-1,-1,-1,-1
"7296",1,1,-1,-1,-1,-1,1,-1
"7297",0,-1,-1,1,-1,0,1,-1
"7298",0,1,-1,-1,-1,1,1,1
"7302",-1,0,-1,-1,-1,1,-1,-1
"7304",1,-1,-1,1,-1,-1,1,1
"7309",0,1,-1,1,-1,-1,-1,1
"7312",0,1,0,-1,-1,-1,1,1
"7313",1,1,-1,1,-1,-1,1,1
"7314",0,1,1,1,-1,0,1,-1
"7320",0,1,-1,1,-1,1,-1,1
"7322",0,-1,-1,1,-1,-1,1,1
"7324",0,1,-1,1,-1,1,1,1
"7330",0,1,1,1,-1,1,-1,-1
"7331",0,1,-1,1,-1,1,-1,1
"7332",0,1,1,1,-1,1,-1,1
"7334",-1,1,-1,1,-1,0,-1,-1
"7335",0,-1,-1,1,-1,1,-1,-1
"7336",-1,-1,-1,1,-1,1,-1,-1
"7340",-1,-1,-1,-1,-1,1,-1,-1
"7345",0,1,1,1,-1,1,1,1
"7348",1,-1,-1,1,-1,1,1,1
"7350",1,1,1,1,-1,1,1,1
"7351",1,1,-1,1,-1,1,-1,1
"7352",1,1,1,-1,1,1,-1,1
"7353",-1,-1,-1,1,-1,1,-1,-1
"7355",1,-1,-1,1,-1,0,-1,1
"7357",0,-1,-1,1,-1,1,1,1
"7360",0,1,-1,1,-1,0,1,-1
"7361",0,1,-1,1,-1,0,1,-1
"7366",0,1,-1,1,-1,0,1,-1
"7367",0,1,1,1,-1,1,1,1
"7369",0,1,-1,1,-1,0,-1,1
"7374",-1,-1,-1,1,-1,0,1,-1
"7375",-1,1,-1,1,-1,0,1,-1
"7377",0,1,-1,1,-1,1,1,1
"7382",-1,1,1,-1,-1,1,1,-1
"7390",-1,-1,-1,1,-1,1,-1,-1
"7391",0,1,-1,1,-1,0,1,1
"7393",-1,-1,-1,1,-1,0,0,-1
"7394",0,1,-1,-1,0,1,-1,1
"7396",1,1,-1,1,1,-1,-1,1
"7406",0,-1,-1,1,-1,0,1,-1
"7410",-1,1,-1,1,-1,0,1,-1
"7412",0,-1,-1,1,-1,1,1,1
"7415",0,1,-1,1,-1,0,1,-1
"7425",0,-1,-1,1,-1,0,1,1
"7428",0,-1,-1,1,-1,0,1,-1
"7431",-1,-1,-1,1,-1,0,1,-1
"7434",-1,-1,-1,1,-1,1,1,-1
"7437",-1,1,1,1,-1,1,-1,-1
"7439",-1,1,0,1,-1,-1,-1,-1
"7441",0,-1,-1,1,-1,1,1,1
"7443",-1,1,-1,1,-1,1,1,-1
"7444",0,1,-1,1,-1,1,-1,-1
"7454",-1,1,1,1,-1,1,-1,-1
"7461",1,1,-1,0,-1,0,-1,1
"7462",0,-1,-1,1,-1,0,1,1
"7471",0,-1,-1,1,-1,0,-1,1
"7476",0,1,-1,1,-1,-1,-1,-1
"7477",-1,-1,-1,1,-1,1,1,-1
"7479",0,1,1,1,-1,1,1,1
"7481",-1,1,1,1,-1,1,-1,-1
"7487",0,1,-1,-1,-1,0,-1,1
"7488",0,1,1,1,-1,1,1,1
"7491",1,0,-1,1,-1,1,-1,1
"7492",-1,-1,-1,-1,-1,1,-1,-1
"7493",0,-1,-1,1,-1,1,1,1
"7503",0,1,-1,0,0,0,1,1
"7505",-1,1,0,1,-1,-1,-1,-1
"7519",1,1,1,1,-1,-1,1,1
"7521",-1,1,-1,1,-1,0,1,-1
"7523",1,-1,-1,1,-1,0,-1,1
"7524",0,-1,-1,1,-1,0,1,1
"7528",-1,1,-1,1,-1,0,1,-1
"7532",0,1,-1,1,-1,1,1,1
"7533",0,1,-1,1,-1,0,-1,-1
"7534",1,1,-1,1,-1,-1,1,1
"7540",0,0,-1,1,1,0,1,1
"7548",1,1,1,1,1,1,1,1
"7552",0,1,0,-1,-1,-1,-1,1
"7556",0,1,-1,1,-1,1,1,1
"7558",1,1,-1,1,-1,1,1,1
"7563",-1,-1,-1,1,-1,0,-1,-1
"7567",-1,-1,-1,1,-1,1,1,-1
"7571",0,1,-1,1,1,1,1,1
"7573",0,-1,-1,1,0,0,1,-1
"7575",0,-1,-1,1,-1,0,-1,-1
"7578",-1,-1,-1,-1,-1,0,-1,-1
"7584",1,1,-1,-1,-1,1,-1,1
"7585",-1,-1,-1,-1,-1,1,-1,-1
"7590",-1,-1,1,1,-1,0,-1,-1
"7594",0,1,1,-1,-1,1,1,1
"7598",1,1,-1,-1,-1,0,1,1
"7602",0,-1,-1,1,-1,0,1,1
"7605",0,-1,-1,1,-1,0,-1,-1
"7612",-1,1,-1,1,-1,1,1,-1
"7615",0,0,-1,-1,0,1,1,1
"7618",0,1,-1,1,-1,1,1,1
"7620",1,1,-1,1,-1,1,1,1
"7625",-1,-1,1,0,-1,0,-1,-1
"7626",0,-1,1,-1,-1,1,-1,-1
"7628",0,1,1,-1,1,1,-1,1
"7629",0,1,0,-1,-1,1,-1,1
"7634",0,-1,-1,1,-1,1,1,1
"7640",0,1,-1,-1,-1,0,-1,1
"7642",0,1,1,1,1,0,1,1
"7643",-1,1,1,-1,-1,-1,1,-1
"7646",-1,-1,-1,1,-1,-1,-1,-1
"7658",0,1,0,1,1,1,-1,1
"7660",0,1,-1,1,1,0,1,1
"7670",1,1,-1,1,-1,0,1,1
"7672",-1,-1,-1,-1,-1,0,-1,-1
"7681",-1,1,1,1,-1,-1,-1,-1
"7682",-1,-1,-1,1,-1,0,-1,-1
"7691",0,1,-1,1,-1,-1,-1,-1
"7694",-1,1,-1,-1,-1,-1,-1,-1
"7697",-1,1,-1,-1,-1,-1,1,-1
"7701",1,1,1,-1,1,1,-1,1
"7703",0,1,-1,1,0,1,-1,1
"7705",1,-1,-1,-1,1,1,-1,1
"7710",0,-1,-1,1,-1,1,-1,1
"7712",-1,-1,0,1,-1,0,-1,-1
"7715",-1,-1,-1,1,-1,0,-1,-1
"7718",0,1,0,0,-1,1,-1,1
"7726",0,1,-1,1,-1,1,1,1
"7733",1,1,-1,1,1,1,-1,1
"7734",0,1,-1,1,1,1,1,1
"7737",-1,1,-1,1,-1,0,-1,-1
"7747",0,1,-1,1,-1,1,-1,1
"7749",0,1,-1,1,1,1,1,1
"7755",-1,-1,-1,1,-1,0,1,-1
"7761",-1,1,-1,1,-1,0,-1,-1
"7762",0,1,-1,1,-1,1,-1,1
"7765",1,0,-1,1,-1,1,1,1
"7766",-1,-1,-1,1,-1,0,-1,-1
"7769",-1,-1,-1,1,-1,0,-1,-1
"7776",-1,1,1,-1,0,0,-1,-1
"7777",0,-1,-1,1,-1,1,1,1
"7779",0,-1,-1,1,-1,-1,1,1
"7782",0,1,-1,1,1,-1,1,1
"7783",0,-1,-1,-1,-1,0,-1,-1
"7784",-1,1,1,-1,-1,0,-1,-1
"7785",0,-1,-1,1,-1,0,-1,-1
"7790",1,-1,-1,1,1,0,-1,1
"7792",0,1,-1,1,-1,1,-1,-1
"7798",0,1,-1,1,-1,0,-1,-1
"7799",0,1,-1,1,-1,1,1,1
"7813",0,1,-1,0,-1,1,-1,1
"7816",-1,-1,1,1,-1,-1,-1,-1
"7819",0,1,-1,1,-1,0,-1,1
"7821",1,-1,-1,1,-1,1,-1,1
"7822",0,1,-1,1,-1,1,1,1
"7827",0,1,1,1,-1,0,1,1
"7832",0,1,-1,1,-1,1,-1,1
"7833",-1,-1,-1,1,-1,0,1,-1
"7836",0,-1,-1,1,-1,0,1,1
"7840",1,1,-1,1,-1,-1,1,1
"7841",-1,-1,-1,1,-1,1,-1,-1
"7842",-1,1,1,1,-1,0,0,-1
"7847",0,-1,-1,1,-1,0,-1,1
"7849",1,1,1,-1,-1,0,1,1
"7850",1,1,-1,1,-1,0,1,1
"7854",0,1,-1,1,-1,0,1,-1
"7855",-1,-1,0,-1,0,1,-1,-1
"7859",0,1,-1,1,-1,1,-1,1
"7863",1,1,1,-1,1,0,1,1
"7864",-1,-1,-1,1,-1,0,-1,-1
"7865",0,1,-1,1,-1,-1,-1,1
"7868",-1,1,-1,1,-1,0,1,-1
"7870",1,1,1,1,-1,1,1,1
"7872",1,1,-1,1,-1,0,1,1
"7874",-1,-1,-1,1,-1,0,1,-1
"7881",-1,-1,-1,0,-1,0,-1,-1
"7882",0,-1,-1,1,-1,-1,-1,1
"7883",-1,-1,-1,1,-1,0,1,-1
"7884",0,-1,-1,1,-1,1,-1,1
"7885",0,-1,-1,1,-1,1,-1,1
"7886",0,1,1,-1,-1,0,-1,-1
"7887",0,1,-1,1,-1,0,-1,-1
"7888",0,1,-1,1,-1,-1,1,1
"7891",-1,-1,-1,-1,-1,0,-1,-1
"7892",0,1,1,1,-1,-1,1,1
"7896",-1,1,-1,-1,-1,1,-1,-1
"7902",0,-1,1,-1,1,1,-1,1
"7903",0,1,-1,1,-1,1,1,1
"7906",0,1,-1,1,-1,0,1,1
"7912",0,1,-1,1,0,1,1,1
"7928",-1,1,1,1,-1,0,-1,-1
"7935",0,-1,-1,1,-1,0,1,1
"7938",0,1,1,1,-1,1,1,1
"7939",0,-1,-1,1,-1,0,-1,-1
"7941",1,1,1,1,-1,0,1,1
"7949",-1,1,1,1,-1,0,-1,-1
"7950",0,-1,1,-1,1,1,-1,1
"7952",0,1,1,1,-1,0,-1,1
"7954",0,1,-1,1,-1,0,-1,1
"7955",-1,1,-1,1,-1,0,-1,-1
"7957",0,1,-1,-1,-1,0,1,1
"7961",-1,-1,-1,1,-1,0,1,-1
"7963",0,1,-1,-1,-1,1,-1,1
"7966",0,1,-1,1,-1,1,-1,1
"7967",-1,-1,-1,1,-1,0,-1,-1
"7970",0,1,-1,1,-1,0,-1,-1
"7972",0,1,-1,1,1,-1,1,1
"7974",1,1,-1,1,-1,-1,1,1
"7977",1,-1,-1,1,1,-1,1,1
"7979",0,1,-1,1,-1,0,1,-1
"7980",0,-1,-1,1,-1,1,-1,1
"7983",0,-1,-1,1,-1,-1,1,1
"7985",0,1,0,1,-1,0,1,-1
"7987",0,1,-1,1,-1,-1,-1,1
"7988",0,-1,-1,1,-1,0,-1,-1
"7996",0,-1,-1,1,-1,1,-1,1
"7998",0,1,-1,1,1,1,-1,1
"8007",-1,-1,-1,1,-1,1,1,-1
"8009",0,1,-1,1,-1,1,-1,1
"8011",0,-1,-1,1,-1,1,1,1
"8012",0,-1,-1,-1,0,1,1,-1
"8013",0,1,1,1,-1,-1,1,1
"8015",1,1,1,1,1,0,-1,1
"8016",-1,-1,0,-1,-1,-1,-1,-1
"8018",0,1,-1,1,1,0,-1,1
"8020",0,1,-1,-1,-1,1,-1,1
"8031",0,1,1,1,-1,1,1,1
"8038",0,-1,-1,1,-1,0,1,-1
"8039",0,1,-1,1,1,0,1,1
"8045",0,1,-1,1,-1,1,-1,1
"8046",0,-1,-1,1,-1,1,-1,-1
"8049",0,1,-1,1,-1,1,1,1
"8061",0,-1,-1,1,-1,1,-1,-1
"8064",0,1,1,-1,-1,1,1,1
"8071",0,-1,-1,1,-1,0,1,-1
"8074",0,1,0,1,-1,0,-1,-1
"8076",0,-1,-1,1,-1,1,1,1
"8080",0,-1,-1,1,-1,0,-1,-1
"8083",-1,1,1,1,-1,0,-1,-1
"8086",-1,1,-1,1,-1,1,1,-1
"8090",1,1,1,1,-1,1,-1,1
"8097",-1,-1,-1,1,-1,0,1,-1
"8098",1,-1,-1,1,-1,1,0,1
"8100",0,0,1,0,-1,-1,1,1
"8101",-1,-1,-1,1,-1,0,-1,-1
"8104",0,1,-1,1,-1,-1,0,1
"8111",0,1,-1,1,-1,0,1,1
"8115",0,1,1,1,-1,1,-1,1
"8116",-1,-1,-1,1,-1,1,-1,-1
"8118",1,1,-1,1,-1,0,1,1
"8121",0,1,1,1,-1,-1,1,1
"8123",0,1,-1,1,-1,-1,1,1
"8126",0,-1,-1,1,-1,0,-1,-1
"8127",1,-1,-1,1,-1,1,-1,1
"8128",-1,1,-1,-1,-1,0,-1,-1
"8141",-1,-1,-1,1,-1,1,-1,-1
"8142",0,1,1,1,-1,1,-1,1
"8143",-1,-1,1,1,-1,1,-1,-1
"8144",1,-1,-1,1,-1,1,-1,1
"8145",0,-1,-1,1,-1,0,-1,-1
"8146",0,1,-1,1,-1,0,1,1
"8148",-1,1,-1,1,-1,0,1,-1
"8155",1,1,-1,1,-1,0,-1,1
"8161",0,-1,-1,1,-1,-1,-1,-1
"8162",1,1,-1,-1,1,1,1,1
"8163",-1,1,1,-1,-1,0,-1,-1
"8164",0,1,-1,1,-1,0,1,-1
"8169",1,1,-1,-1,-1,1,1,1
"8171",0,-1,-1,1,-1,0,1,1
"8179",0,1,1,-1,-1,-1,1,1
"8180",-1,-1,0,-1,-1,0,-1,-1
"8182",-1,-1,0,1,-1,0,1,-1
"8183",1,1,-1,-1,-1,1,1,1
"8194",0,1,-1,-1,-1,-1,-1,1
"8197",1,1,1,1,-1,-1,1,-1
"8202",0,-1,-1,1,-1,1,1,-1
"8203",0,1,-1,1,-1,1,1,1
"8206",1,-1,1,1,-1,-1,1,-1
"8209",1,1,1,1,1,1,1,1
"8216",1,-1,-1,-1,-1,-1,-1,1
"8226",0,-1,-1,1,1,-1,1,1
"8228",-1,-1,-1,1,-1,0,-1,-1
"8229",1,1,1,1,-1,1,1,1
"8230",0,1,1,1,-1,1,1,1
"8237",-1,1,-1,-1,-1,-1,-1,-1
"8238",-1,1,-1,-1,-1,0,-1,-1
"8239",0,-1,-1,-1,-1,-1,-1,1
"8243",1,1,-1,1,1,1,-1,1
"8245",-1,-1,1,1,-1,-1,-1,-1
"8248",0,1,-1,1,-1,-1,1,1
"8249",-1,-1,-1,-1,-1,-1,-1,-1
"8250",1,1,-1,1,1,1,-1,1
"8265",1,1,-1,1,-1,-1,-1,1
"8268",1,1,-1,1,-1,0,1,1
"8269",0,1,-1,1,1,0,1,1
"8271",1,-1,-1,-1,-1,0,1,1
"8273",-1,1,-1,-1,-1,-1,-1,-1
"8284",1,1,-1,-1,-1,-1,-1,-1
"8286",-1,1,-1,1,1,1,0,1
"8288",1,1,-1,-1,-1,-1,-1,-1
"8291",-1,1,-1,-1,-1,0,-1,-1
"8292",0,1,0,1,-1,0,-1,1
"8298",-1,-1,-1,1,-1,-1,1,-1
"8300",0,1,1,1,-1,1,1,1
"8307",0,-1,-1,1,-1,0,1,-1
"8314",0,1,1,-1,-1,0,1,1
"8316",0,1,-1,1,-1,1,0,1
"8319",-1,-1,-1,-1,-1,1,-1,-1
"8321",0,1,-1,-1,-1,1,1,1
"8322",-1,-1,-1,-1,-1,-1,-1,-1
"8325",-1,1,-1,1,-1,0,-1,-1
"8335",0,1,-1,1,-1,0,1,1
"8337",1,1,-1,1,-1,1,1,1
"8349",-1,-1,-1,1,-1,-1,1,-1
"8352",-1,-1,-1,1,-1,-1,-1,-1
"8355",-1,-1,0,1,-1,0,1,-1
"8357",-1,1,-1,1,-1,1,-1,-1
"8359",0,1,1,-1,-1,-1,-1,-1
"8364",1,1,-1,-1,-1,1,-1,-1
"8365",0,1,-1,-1,-1,0,1,-1
"8366",-1,-1,1,-1,-1,-1,-1,-1
"8370",0,-1,-1,-1,1,-1,-1,1
"8371",-1,-1,-1,1,-1,0,-1,-1
"8380",-1,-1,1,1,-1,-1,1,-1
"8385",0,1,1,-1,1,1,0,1
"8396",1,1,-1,1,-1,1,1,1
"8397",-1,-1,-1,-1,-1,-1,-1,-1
"8400",1,1,-1,-1,-1,1,1,1
"8402",1,1,-1,1,-1,1,1,1
"8406",0,1,1,1,-1,1,1,1
"8408",1,-1,-1,-1,1,1,1,1
"8409",1,-1,-1,1,-1,-1,-1,-1
"8412",0,1,-1,1,-1,0,-1,1
"8414",-1,-1,-1,-1,-1,-1,-1,-1
"8423",-1,-1,-1,-1,-1,-1,-1,-1
"8427",0,1,1,-1,-1,1,-1,-1
"8429",1,1,-1,1,-1,0,1,1
"8431",-1,1,1,-1,-1,0,-1,-1
"8436",0,1,-1,1,1,1,-1,1
"8437",0,1,-1,-1,-1,1,-1,1
"8443",-1,1,-1,1,-1,0,-1,-1
"8445",0,1,1,-1,-1,1,-1,1
"8450",-1,-1,-1,1,-1,-1,-1,-1
"8456",-1,1,-1,0,-1,1,-1,-1
"8458",1,-1,-1,-1,1,0,1,1
"8463",0,1,-1,1,1,1,1,1
"8466",1,1,-1,1,-1,0,1,1
"8467",0,-1,-1,1,-1,0,1,1
"8468",0,1,-1,1,-1,1,1,1
"8472",1,-1,-1,1,-1,0,-1,-1
"8479",1,-1,-1,1,-1,-1,-1,-1
"8480",-1,-1,1,1,-1,-1,-1,-1
"8484",1,1,1,1,1,1,-1,1
"8485",-1,-1,-1,1,-1,1,1,-1
"8487",0,1,1,1,-1,1,-1,1
"8489",-1,1,-1,1,-1,0,1,-1
"8490",0,-1,-1,1,-1,1,-1,1
"8492",0,1,-1,1,1,0,1,1
"8505",0,1,-1,1,-1,0,1,1
"8513",-1,-1,-1,-1,-1,-1,-1,-1
"8515",0,1,-1,1,-1,0,-1,-1
"8516",-1,1,-1,1,-1,-1,1,-1
"8517",1,1,-1,-1,-1,1,1,1
"8520",0,1,1,1,-1,-1,1,1
"8524",0,1,-1,1,1,1,1,1
"8533",1,-1,-1,1,1,1,-1,1
"8539",0,-1,-1,1,-1,-1,-1,-1
"8540",0,0,-1,-1,1,1,-1,1
"8543",0,1,1,-1,-1,0,-1,1
"8558",-1,1,-1,-1,-1,-1,-1,-1
"8560",0,1,1,-1,-1,1,-1,1
"8567",0,1,-1,1,1,1,-1,1
"8569",1,-1,-1,-1,1,1,-1,1
"8570",0,1,-1,-1,-1,1,1,1
"8571",1,-1,-1,1,-1,-1,1,-1
"8574",0,-1,-1,1,-1,1,-1,1
"8575",0,1,0,1,-1,0,-1,-1
"8577",0,1,-1,1,-1,-1,-1,-1
"8579",0,-1,-1,1,-1,0,-1,-1
"8580",0,1,1,1,-1,1,1,1
"8583",0,1,-1,1,-1,0,1,1
"8590",1,1,-1,1,1,1,1,1
"8592",-1,1,-1,-1,-1,-1,-1,-1
"8600",0,1,0,-1,0,1,1,1
"8601",-1,-1,-1,-1,-1,0,1,-1
"8603",0,-1,0,1,-1,0,-1,-1
"8604",0,1,-1,1,-1,1,-1,1
"8608",-1,-1,-1,1,-1,0,-1,-1
"8617",0,-1,-1,1,-1,1,-1,1
"8618",0,1,-1,1,-1,-1,-1,1
"8619",1,-1,-1,1,-1,-1,-1,-1
"8621",1,-1,-1,-1,-1,1,-1,1
"8622",1,1,-1,-1,-1,-1,-1,-1
"8623",1,1,-1,-1,-1,0,1,-1
"8624",0,-1,-1,-1,-1,1,-1,1
"8626",1,1,1,-1,1,1,1,1
"8627",1,1,-1,1,-1,1,1,1
"8635",0,-1,-1,1,1,-1,-1,1
"8637",0,-1,-1,1,-1,-1,-1,-1
"8638",0,1,-1,1,-1,1,1,1
"8640",-1,-1,-1,1,-1,-1,-1,-1
"8646",0,-1,-1,-1,-1,0,-1,-1
"8648",0,-1,-1,1,-1,1,1,-1
"8650",0,1,-1,1,-1,1,1,1
"8652",0,-1,-1,1,-1,1,-1,-1
"8656",-1,-1,-1,1,-1,0,-1,-1
"8657",0,-1,-1,1,-1,-1,-1,-1
"8663",-1,1,1,1,-1,-1,1,-1
"8665",0,1,-1,1,1,1,-1,1
"8666",1,-1,-1,-1,1,1,-1,1
"8670",0,1,1,-1,-1,1,-1,1
"8674",1,1,-1,1,1,1,1,1
"8682",0,1,-1,1,-1,1,1,1
"8683",0,1,0,1,-1,-1,-1,1
"8684",1,-1,-1,-1,-1,-1,1,1
"8686",0,1,-1,-1,-1,1,-1,1
"8688",0,1,-1,1,-1,1,-1,1
"8689",0,1,-1,-1,1,1,-1,1
"8696",0,1,-1,1,-1,-1,1,-1
"8698",1,-1,-1,1,1,-1,-1,1
"8700",0,1,-1,1,-1,0,1,1
"8702",1,-1,1,-1,-1,1,-1,1
"8703",0,-1,-1,1,-1,1,-1,-1
"8705",-1,1,-1,1,-1,1,-1,-1
"8709",0,1,1,1,1,1,1,1
"8711",-1,1,-1,1,-1,-1,1,-1
"8713",-1,-1,-1,-1,-1,1,1,-1
"8717",-1,-1,-1,1,-1,-1,-1,-1
"8718",-1,1,-1,-1,-1,1,-1,-1
"8726",0,-1,-1,1,-1,1,1,1
"8731",0,0,-1,1,-1,0,-1,-1
"8733",-1,-1,-1,1,-1,-1,1,-1
"8738",0,1,-1,1,1,1,1,1
"8739",1,1,-1,0,-1,1,1,1
"8744",-1,1,-1,-1,-1,1,-1,-1
"8745",1,-1,-1,1,-1,-1,-1,1
"8747",1,1,0,1,-1,-1,1,-1
"8753",0,-1,0,1,-1,1,-1,-1
"8754",-1,1,-1,-1,-1,1,1,-1
"8755",-1,1,1,1,-1,-1,-1,-1
"8756",-1,-1,-1,-1,-1,-1,-1,-1
"8758",-1,0,1,1,-1,-1,-1,-1
"8763",0,1,-1,-1,-1,0,-1,-1
"8765",-1,1,1,-1,-1,0,-1,-1
"8766",0,1,-1,-1,-1,0,1,-1
"8767",1,1,-1,1,1,1,-1,1
"8777",-1,-1,-1,1,-1,-1,-1,-1
"8780",-1,-1,-1,1,0,-1,-1,-1
"8784",0,1,-1,1,1,1,-1,1
"8786",-1,-1,-1,1,-1,0,-1,-1
"8791",0,1,-1,1,1,1,1,1
"8792",-1,1,-1,-1,-1,0,-1,-1
"8796",1,-1,-1,1,-1,1,-1,1
"8797",0,1,-1,1,-1,1,1,1
"8799",-1,-1,-1,1,-1,0,-1,-1
"8806",-1,1,1,-1,-1,-1,-1,-1
"8807",-1,1,-1,1,-1,-1,-1,-1
"8810",0,1,-1,1,-1,0,1,-1
"8812",-1,-1,-1,1,-1,-1,1,-1
"8818",1,1,-1,1,-1,0,1,1
"8820",1,-1,-1,1,-1,1,-1,1
"8824",1,1,-1,1,1,1,1,1
"8830",1,1,-1,-1,-1,1,-1,1
"8831",0,-1,-1,1,-1,-1,1,1
"8832",-1,1,-1,1,-1,0,1,1
"8833",0,-1,-1,1,-1,1,-1,1
"8842",-1,1,-1,1,-1,0,-1,-1
"8848",1,1,-1,1,1,-1,-1,1
"8850",1,-1,-1,1,-1,-1,-1,1
"8851",1,-1,-1,-1,-1,1,-1,1
"8854",0,-1,-1,-1,-1,1,1,1
"8857",0,1,-1,1,-1,-1,-1,-1
"8858",0,1,-1,1,-1,1,1,1
"8862",-1,1,-1,1,-1,0,-1,-1
"8865",-1,-1,1,1,-1,0,-1,-1
"8868",-1,1,1,1,-1,1,-1,-1
"8869",0,1,0,1,0,1,1,1
"8870",-1,-1,0,-1,-1,1,-1,-1
"8872",0,-1,-1,1,-1,1,-1,1
"8873",-1,-1,-1,-1,-1,0,-1,-1
"8876",1,1,-1,1,1,-1,-1,1
"8878",0,1,-1,1,1,1,-1,1
"8882",-1,-1,-1,-1,-1,-1,-1,-1
"8887",-1,1,-1,1,-1,1,1,-1
"8888",0,1,-1,1,-1,1,-1,1
"8890",0,1,-1,1,-1,1,-1,1
"8892",0,1,-1,1,1,1,1,1
"8897",-1,-1,-1,1,0,-1,-1,-1
"8902",1,1,1,1,1,1,-1,1
"8905",0,1,-1,1,-1,-1,-1,1
"8908",1,-1,-1,1,-1,0,1,1
"8913",-1,1,-1,1,-1,0,1,-1
"8915",-1,1,-1,-1,-1,1,1,-1
"8917",-1,-1,-1,-1,-1,0,1,-1
"8924",0,1,-1,-1,-1,0,1,-1
"8928",0,-1,-1,1,-1,0,-1,-1
"8929",-1,-1,-1,1,-1,-1,1,-1
"8930",1,-1,-1,1,-1,-1,1,-1
"8931",1,-1,-1,1,1,1,1,1
"8937",1,1,-1,0,-1,1,-1,1
"8943",-1,-1,-1,-1,-1,0,1,-1
"8949",0,1,-1,1,-1,-1,-1,1
"8953",0,1,-1,1,-1,1,-1,-1
"8960",0,1,1,1,-1,1,1,1
"8963",-1,-1,-1,1,-1,-1,-1,-1
"8969",-1,1,1,1,-1,-1,0,-1
"8971",0,-1,-1,1,-1,1,1,1
"8972",0,-1,-1,1,-1,-1,1,1
"8977",-1,-1,-1,1,-1,-1,-1,-1
"8978",0,1,-1,1,-1,0,-1,1
"8979",1,0,-1,1,-1,-1,-1,1
"8985",0,1,-1,1,1,1,-1,1
"8986",0,0,-1,1,-1,0,-1,-1
"8988",0,-1,-1,1,-1,1,1,1
"8991",0,-1,-1,1,-1,1,-1,-1
"8993",-1,-1,-1,-1,-1,0,-1,-1
"8995",0,-1,-1,1,-1,1,1,1
"8996",-1,1,1,-1,-1,-1,-1,-1
"8999",0,-1,-1,1,-1,1,1,1
"9005",0,1,-1,1,1,1,-1,1
"9006",1,1,-1,-1,1,1,1,1
"9008",0,-1,-1,1,-1,1,-1,-1
"9017",0,-1,-1,1,-1,-1,-1,-1
"9019",-1,-1,-1,1,-1,-1,-1,-1
"9024",0,-1,-1,-1,-1,0,0,-1
"9025",1,-1,-1,-1,1,1,1,1
"9027",-1,1,-1,-1,-1,-1,-1,-1
"9028",0,1,1,-1,-1,1,1,1
"9029",1,1,-1,1,-1,1,1,1
"9032",0,1,-1,1,-1,0,-1,1
"9041",1,1,0,1,-1,1,-1,1
"9044",0,1,-1,1,1,1,-1,1
"9054",0,1,-1,1,-1,1,1,1
"9060",0,1,-1,1,1,1,1,1
"9064",0,1,1,1,-1,1,1,1
"9065",0,1,-1,1,-1,1,0,1
"9068",1,-1,-1,1,-1,-1,-1,-1
"9069",1,1,1,-1,1,1,1,1
"9070",0,-1,-1,1,-1,1,-1,-1
"9071",1,1,1,1,-1,1,-1,1
"9074",0,-1,-1,1,-1,1,-1,-1
"9085",0,1,-1,1,-1,1,1,1
"9097",1,1,-1,0,-1,1,1,1
"9099",0,1,-1,1,-1,1,-1,1
"9101",-1,1,1,1,-1,-1,-1,-1
"9102",1,1,-1,1,-1,1,-1,1
"9106",0,1,1,1,-1,1,1,1
"9115",-1,1,1,-1,-1,1,-1,-1
"9120",-1,1,1,1,-1,1,-1,-1
"9123",0,1,-1,1,1,1,1,1
"9136",-1,1,-1,1,-1,1,1,-1
"9138",0,-1,-1,1,-1,-1,1,1
"9142",1,1,1,1,-1,1,1,1
"9147",0,-1,-1,1,-1,1,1,1
"9153",1,-1,-1,-1,1,1,-1,1
"9154",0,-1,-1,1,-1,0,1,1
"9156",-1,1,-1,1,-1,-1,-1,-1
"9161",1,1,1,1,-1,1,-1,1
"9162",0,1,-1,1,-1,1,1,1
"9165",-1,-1,-1,1,-1,-1,1,-1
"9166",0,-1,-1,-1,-1,1,-1,-1
"9168",1,1,-1,1,1,1,1,1
"9169",-1,-1,1,1,-1,0,-1,-1
"9170",0,-1,-1,1,-1,0,-1,-1
"9177",-1,1,-1,1,-1,-1,-1,-1
"9178",-1,1,-1,1,-1,0,1,-1
"9181",-1,-1,-1,-1,-1,-1,1,-1
"9182",1,1,-1,1,1,1,-1,1
"9185",-1,1,1,-1,-1,1,-1,-1
"9186",0,1,-1,1,-1,1,1,1
"9187",0,1,-1,1,-1,1,-1,1
"9191",0,1,-1,1,-1,1,0,1
"9195",0,1,-1,1,-1,0,1,1
"9200",-1,1,1,-1,-1,0,-1,-1
"9206",-1,0,-1,-1,-1,-1,1,-1
"9215",0,1,-1,1,-1,0,-1,1
"9217",1,-1,-1,1,-1,1,-1,1
"9223",0,1,1,1,-1,1,1,1
"9224",0,-1,-1,1,1,-1,1,1
"9227",-1,-1,-1,1,-1,-1,1,-1
"9229",-1,-1,-1,1,-1,1,1,-1
"9230",-1,-1,-1,1,-1,-1,-1,-1
"9238",-1,1,1,1,-1,-1,-1,-1
"9242",-1,-1,-1,1,-1,-1,1,-1
"9243",0,-1,-1,1,-1,1,-1,1
"9245",1,1,1,-1,-1,1,1,1
"9253",1,-1,-1,1,-1,1,-1,1
"9256",0,-1,-1,1,1,1,1,1
"9261",0,1,-1,1,-1,1,-1,1
"9264",-1,1,-1,1,-1,1,1,-1
"9268",1,1,-1,1,-1,1,1,1
"9274",-1,1,-1,1,-1,-1,-1,-1
"9277",-1,-1,-1,-1,-1,-1,-1,-1
"9278",0,-1,-1,1,-1,1,-1,1
"9279",-1,-1,-1,1,-1,-1,1,-1
"9284",0,1,-1,1,-1,0,1,1
"9285",-1,-1,-1,-1,-1,-1,1,-1
"9287",-1,-1,-1,-1,-1,-1,-1,-1
"9290",0,-1,-1,1,-1,1,-1,1
"9296",0,1,-1,1,-1,1,1,1
"9298",0,-1,1,-1,1,1,-1,1
"9299",0,1,-1,1,-1,1,1,1
"9301",0,1,-1,1,-1,0,-1,-1
"9303",-1,1,-1,1,-1,0,-1,-1
"9304",0,1,-1,1,-1,1,1,1
"9307",1,1,-1,1,-1,1,1,1
"9309",1,1,-1,1,1,0,1,1
"9310",-1,-1,-1,1,-1,1,1,-1
"9313",0,1,1,1,-1,1,-1,-1
"9319",0,-1,-1,1,-1,0,0,-1
"9320",0,1,-1,1,-1,0,1,-1
"9324",-1,1,1,1,-1,0,-1,-1
"9325",1,-1,-1,-1,1,0,1,1
"9328",0,-1,-1,1,0,1,-1,1
"9331",0,-1,-1,1,-1,1,1,1
"9332",0,-1,-1,-1,1,1,1,1
"9334",0,1,1,1,-1,1,1,1
"9335",0,-1,-1,1,-1,1,-1,-1
"9347",0,1,-1,1,1,1,-1,1
"9348",0,1,1,1,0,1,-1,1
"9350",0,1,-1,1,-1,0,-1,1
"9351",-1,0,0,1,-1,0,-1,-1
"9353",0,1,-1,-1,-1,1,1,1
"9355",0,-1,-1,1,-1,1,-1,1
"9357",-1,-1,-1,1,-1,-1,1,-1
"9360",0,1,-1,1,-1,1,-1,1
"9361",0,1,1,1,-1,1,-1,1
"9365",0,-1,-1,1,-1,1,1,-1
"9368",0,1,-1,1,1,1,1,1
"9369",0,1,-1,1,-1,-1,-1,1
"9373",1,-1,-1,1,1,-1,1,1
"9384",0,-1,-1,1,-1,0,-1,-1
"9389",0,-1,-1,1,-1,1,-1,1
"9390",0,1,-1,1,-1,1,-1,-1
"9393",-1,-1,-1,1,-1,1,-1,-1
"9399",-1,-1,-1,-1,-1,0,-1,-1
"9400",-1,1,1,1,-1,-1,-1,-1
"9409",0,1,1,1,-1,1,1,1
"9412",-1,-1,-1,-1,-1,-1,-1,-1
"9414",0,1,-1,1,1,1,-1,1
"9421",0,-1,1,-1,-1,-1,1,1
"9423",0,1,1,1,-1,1,1,1
"9424",-1,-1,-1,1,-1,-1,1,-1
"9426",0,1,-1,1,-1,1,-1,1
"9427",0,1,1,1,-1,1,1,1
"9428",0,1,-1,1,1,1,-1,1
"9439",1,1,1,1,-1,1,1,1
"9440",0,-1,-1,1,-1,1,-1,1
"9448",0,1,-1,1,-1,1,1,1
"9449",0,1,1,1,0,0,1,1
"9453",0,1,1,1,-1,1,-1,1
"9455",0,1,1,1,-1,1,1,1
"9456",1,1,-1,1,1,1,-1,1
"9463",0,-1,-1,1,-1,1,1,-1
"9469",-1,-1,1,1,-1,0,-1,-1
"9470",0,1,-1,1,-1,0,-1,-1
"9474",-1,1,-1,1,-1,0,-1,-1
"9478",0,1,-1,1,-1,1,1,1
"9480",-1,-1,1,1,-1,-1,-1,-1
"9488",-1,1,-1,1,-1,1,1,-1
"9493",-1,-1,-1,1,-1,1,1,-1
"9494",1,-1,-1,1,-1,0,1,1
"9497",-1,-1,-1,1,-1,-1,-1,-1
"9498",0,1,1,1,-1,1,1,1
"9499",-1,-1,-1,1,-1,-1,1,-1
"9505",-1,-1,-1,1,-1,-1,-1,-1
"9509",1,0,-1,1,-1,1,1,1
"9511",0,1,1,1,-1,1,-1,1
"9516",-1,-1,-1,-1,-1,1,-1,-1
"9517",0,1,1,1,-1,1,1,1
"9521",-1,-1,-1,-1,-1,1,-1,-1
"9522",0,-1,-1,1,-1,1,-1,-1
"9525",-1,-1,-1,1,-1,0,-1,-1
"9527",0,1,-1,-1,-1,0,-1,-1
"9529",-1,1,-1,-1,-1,-1,1,-1
"9530",0,1,-1,1,1,1,-1,1
"9531",1,1,-1,1,0,1,1,1
"9537",-1,-1,-1,1,-1,-1,-1,-1
"9538",0,1,1,1,-1,1,-1,1
"9539",-1,-1,1,1,-1,0,-1,-1
"9540",1,-1,-1,1,-1,1,-1,1
"9541",0,-1,-1,1,-1,-1,-1,-1
"9544",-1,1,-1,0,-1,-1,1,-1
"9549",1,1,-1,1,1,0,1,1
"9565",0,1,-1,1,0,0,1,-1
"9566",0,1,-1,1,-1,1,1,1
"9571",-1,1,-1,1,-1,1,1,-1
"9574",1,1,-1,1,-1,0,1,1
"9576",0,-1,-1,1,-1,1,-1,1
"9578",0,-1,-1,1,-1,1,1,1
"9580",-1,1,1,-1,-1,-1,-1,-1
"9583",1,-1,-1,1,1,1,1,1
"9585",1,-1,-1,1,1,-1,1,1
"9591",0,1,-1,1,-1,1,-1,1
"9594",0,1,-1,1,-1,1,1,1
"9596",0,-1,-1,1,-1,0,-1,-1
"9597",-1,1,1,1,-1,-1,-1,-1
"9598",1,-1,-1,1,-1,1,1,1
"9606",1,0,-1,1,-1,1,1,1
"9608",0,1,-1,1,-1,1,-1,1
"9612",1,1,-1,1,-1,1,1,1
"9616",0,1,-1,1,1,1,1,1
"9618",-1,1,1,1,-1,-1,1,-1
"9620",0,1,-1,1,1,1,-1,1
"9625",0,1,-1,1,-1,1,1,1
"9631",-1,1,-1,1,-1,1,-1,-1
"9633",-1,-1,-1,-1,-1,-1,1,-1
"9638",0,-1,-1,1,-1,1,-1,1
"9639",0,1,-1,1,-1,1,1,-1
"9641",0,0,-1,1,-1,0,-1,-1
"9642",0,1,1,1,1,0,1,1
"9643",-1,1,-1,1,-1,0,1,-1
"9644",-1,1,-1,1,-1,0,1,-1
"9647",1,1,-1,-1,-1,1,1,1
"9651",-1,1,-1,1,-1,0,1,-1
"9654",1,1,1,1,-1,1,1,1
"9655",-1,1,-1,1,-1,-1,1,-1
"9664",-1,1,-1,1,-1,-1,1,-1
"9665",0,1,-1,-1,-1,0,-1,-1
"9666",-1,1,-1,1,-1,1,1,-1
"9668",-1,1,-1,-1,-1,-1,-1,-1
"9670",0,1,-1,1,-1,1,-1,-1
"9673",0,-1,-1,1,-1,0,1,1
"9674",1,-1,-1,-1,-1,1,-1,1
"9680",0,1,-1,1,-1,1,1,1
"9682",1,1,-1,1,-1,1,-1,1
"9685",0,-1,-1,1,-1,1,1,1
"9687",1,1,1,-1,-1,1,-1,1
"9693",1,1,-1,1,-1,-1,-1,1
"9694",-1,-1,-1,1,-1,-1,-1,-1
"9696",-1,-1,-1,-1,-1,0,-1,-1
"9698",0,1,-1,1,-1,0,1,-1
"9703",0,-1,-1,1,-1,0,-1,-1
"9705",-1,-1,-1,1,-1,-1,-1,-1
"9709",0,1,1,-1,1,1,-1,1
"9711",0,1,-1,1,-1,1,-1,1
"9712",0,1,-1,1,-1,0,1,1
"9713",-1,-1,-1,-1,-1,1,-1,-1
"9714",-1,-1,-1,1,-1,0,-1,-1
"9716",1,1,-1,1,1,1,1,1
"9729",0,1,0,1,-1,0,-1,1
"9730",-1,0,-1,-1,-1,-1,1,-1
"9733",0,0,0,-1,-1,-1,1,1
"9737",0,1,-1,1,-1,0,1,-1
"9738",1,1,-1,1,-1,1,1,1
"9740",0,1,-1,1,-1,1,-1,1
"9756",0,1,-1,1,-1,1,-1,1
"9758",0,1,1,1,1,1,-1,1
"9763",0,1,-1,-1,-1,1,-1,1
"9765",0,-1,-1,1,-1,-1,-1,-1
"9768",0,1,-1,1,-1,1,0,1
"9771",0,1,-1,1,-1,-1,-1,1
"9772",0,1,-1,1,-1,-1,-1,1
"9773",0,1,-1,1,-1,0,1,-1
"9776",0,1,-1,1,-1,0,-1,-1
"9777",0,1,-1,1,-1,1,-1,1
"9780",0,1,-1,1,-1,1,-1,-1
"9790",1,-1,-1,-1,-1,-1,-1,1
"9792",0,1,-1,1,-1,1,-1,-1
"9796",1,1,-1,1,-1,1,1,1
"9797",0,1,-1,1,-1,1,1,1
"9802",-1,1,-1,1,-1,0,0,-1
"9803",0,1,-1,1,1,1,-1,1
"9804",-1,-1,-1,1,-1,-1,-1,-1
"9808",0,1,1,1,1,1,-1,1
"9809",0,-1,1,-1,-1,1,1,1
"9810",1,1,-1,1,1,1,1,1
"9812",-1,1,-1,1,-1,-1,-1,-1
"9815",-1,-1,1,-1,-1,-1,1,-1
"9819",0,1,-1,1,-1,1,-1,-1
"9821",1,1,-1,1,-1,1,1,1
"9822",0,1,-1,1,-1,1,-1,1
"9825",0,-1,-1,1,-1,0,-1,-1
"9832",1,-1,-1,1,1,1,-1,1
"9836",-1,-1,-1,1,-1,-1,-1,-1
"9837",-1,-1,-1,-1,-1,1,-1,-1
"9841",-1,-1,-1,1,-1,-1,1,-1
"9843",0,-1,-1,1,-1,0,1,-1
"9849",1,1,-1,1,-1,1,1,1
"9852",0,-1,-1,1,-1,0,-1,-1
"9856",-1,-1,-1,1,-1,1,1,-1
"9864",0,0,-1,1,-1,0,-1,-1
"9865",-1,-1,-1,1,-1,1,1,-1
"9866",0,1,-1,1,-1,1,1,1
"9868",0,1,-1,1,-1,1,-1,1
"9871",-1,-1,1,1,-1,0,-1,-1
"9872",1,1,-1,1,-1,1,1,1
"9882",-1,-1,-1,1,-1,-1,1,-1
"9883",0,1,-1,-1,-1,0,-1,-1
"9885",0,1,1,1,-1,1,1,1
"9893",-1,-1,-1,1,-1,-1,-1,-1
"9896",0,1,-1,1,-1,0,1,-1
"9901",0,1,-1,-1,0,1,-1,1
"9903",0,-1,-1,-1,-1,0,1,-1
"9904",0,1,-1,1,-1,1,1,1
"9905",-1,-1,-1,-1,-1,0,-1,-1
"9909",0,-1,-1,-1,-1,0,1,-1
"9911",-1,-1,-1,1,-1,-1,-1,-1
"9914",1,1,0,1,1,0,1,1
"9920",0,-1,-1,1,-1,-1,-1,-1
"9922",0,1,-1,1,-1,0,1,-1
"9923",1,1,-1,-1,1,1,0,1
"9924",-1,0,-1,1,-1,-1,1,-1
"9929",1,1,-1,1,-1,0,-1,1
"9930",0,1,-1,1,-1,1,1,1
"9933",0,1,-1,1,-1,-1,-1,1
"9934",1,1,-1,1,-1,1,1,1
"9943",1,1,-1,1,-1,1,1,1
"9944",-1,1,-1,1,-1,-1,-1,-1
"9948",-1,1,-1,-1,-1,1,-1,-1
"9954",-1,-1,-1,1,-1,-1,-1,-1
"9956",-1,-1,-1,1,-1,0,1,-1
"9961",0,1,-1,1,-1,1,-1,1
"9967",0,1,-1,1,-1,1,-1,1
"9972",0,1,1,1,-1,0,-1,-1
"9975",1,-1,-1,1,-1,1,1,1
"9980",-1,-1,-1,1,-1,0,-1,-1
"9983",0,1,-1,1,-1,1,-1,1
"9988",0,-1,-1,1,-1,1,-1,1
"9990",0,1,-1,1,-1,1,1,1
"9995",0,-1,-1,1,-1,1,1,1
"9996",0,1,-1,-1,-1,1,-1,1
"10002",0,-1,-1,1,-1,1,-1,1
"10003",0,-1,-1,-1,1,1,-1,1
"10005",1,1,-1,1,-1,1,1,1
"10007",0,-1,-1,1,1,1,1,1
"10011",0,1,-1,1,-1,-1,-1,-1
"10014",0,-1,-1,1,1,0,1,1
"10015",1,1,1,1,-1,1,-1,1
"10022",0,-1,0,1,-1,0,0,-1
"10023",-1,1,-1,-1,-1,-1,1,-1
"10025",-1,-1,-1,1,-1,-1,1,-1
"10027",0,1,-1,1,-1,1,1,1
"10029",0,-1,-1,1,-1,1,-1,1
"10032",0,1,-1,1,-1,0,-1,-1
"10035",0,1,-1,1,-1,0,1,-1
"10039",-1,-1,-1,1,-1,0,-1,-1
"10041",-1,-1,-1,-1,-1,0,1,-1
"10044",0,1,-1,1,-1,1,-1,-1
"10045",0,-1,-1,-1,-1,1,1,1
"10046",0,1,-1,1,1,1,1,1
"10049",1,1,-1,1,-1,0,1,1
"10055",0,-1,-1,1,1,1,-1,1
"10057",0,-1,-1,0,-1,1,1,-1
"10062",0,1,-1,1,-1,1,-1,1
"10065",0,1,-1,1,-1,0,1,-1
"10072",-1,-1,-1,-1,-1,0,-1,-1
"10073",0,1,-1,-1,-1,1,1,1
"10076",-1,1,-1,1,-1,-1,-1,-1
"10078",1,1,-1,1,-1,1,1,1
"10081",0,-1,1,1,-1,1,1,1
"10084",0,-1,-1,1,-1,1,-1,1
"10086",0,-1,-1,-1,-1,0,-1,-1
"10089",0,1,-1,1,1,1,1,1
"10098",1,1,-1,1,-1,-1,-1,1
"10099",-1,1,1,-1,-1,1,-1,-1
"10100",1,1,-1,1,-1,0,1,1
"10101",-1,1,-1,1,-1,-1,-1,-1
"10103",0,1,1,1,-1,0,-1,1
"10104",1,1,-1,1,-1,1,1,1
"10105",-1,-1,-1,1,-1,0,-1,-1
"10107",0,1,-1,1,-1,1,1,1
"10109",0,1,-1,1,-1,0,1,-1
"10111",0,1,1,1,-1,1,-1,1
"10112",0,1,1,1,-1,1,1,1
"10121",0,1,-1,1,-1,1,1,1
"10123",0,-1,-1,1,-1,1,1,1
"10125",1,1,-1,-1,-1,1,-1,1
"10129",1,-1,-1,1,1,-1,-1,1
"10132",0,1,-1,1,-1,1,1,1
"10139",0,1,0,-1,-1,1,1,1
"10142",1,1,-1,-1,1,1,-1,1
"10145",0,1,-1,1,1,1,-1,1
"10146",1,1,-1,1,-1,1,1,1
"10154",0,1,-1,1,-1,1,-1,-1
"10157",-1,-1,-1,1,-1,-1,-1,-1
"10162",1,1,1,1,-1,1,-1,1
"10166",-1,-1,-1,-1,-1,0,-1,-1
"10179",0,-1,1,-1,1,1,-1,1
"10180",-1,1,-1,1,-1,0,-1,-1
"10187",1,-1,-1,1,1,1,-1,1
"10189",0,1,-1,1,-1,1,1,1
"10196",0,-1,-1,1,-1,0,1,-1
"10198",0,1,1,1,-1,1,-1,1
"10207",-1,-1,-1,1,-1,-1,-1,-1
"10210",-1,1,-1,-1,-1,0,1,-1
"10211",0,-1,-1,1,-1,1,1,1
"10212",0,-1,-1,1,-1,1,1,1
"10214",-1,-1,1,1,-1,-1,-1,-1
"10215",0,-1,-1,1,-1,1,1,1
"10217",0,1,-1,1,1,1,-1,1
"10221",1,1,-1,-1,-1,0,1,-1
"10222",0,0,-1,1,-1,1,1,-1
"10229",1,-1,-1,1,0,1,1,1
"10232",0,1,-1,1,-1,1,-1,-1
"10237",0,1,0,-1,-1,1,1,1
"10247",0,-1,-1,1,-1,1,1,1
"10248",0,-1,-1,1,-1,1,1,1
"10255",0,1,1,1,-1,1,-1,-1
"10258",0,1,-1,0,1,1,-1,1
"10259",-1,1,-1,1,-1,1,-1,-1
"10260",0,-1,-1,1,-1,-1,-1,-1
"10263",1,-1,-1,-1,1,0,1,1
"10267",1,1,-1,-1,1,1,-1,1
"10276",1,1,-1,1,-1,1,-1,1
"10277",1,1,1,-1,1,1,-1,1
"10279",-1,1,1,1,-1,-1,1,-1
"10283",0,1,-1,1,-1,0,-1,-1
"10285",0,1,-1,1,-1,1,1,-1
"10290",0,1,1,1,0,1,-1,1
"10293",1,1,-1,1,-1,1,-1,1
"10296",-1,1,-1,1,-1,-1,-1,-1
"10301",0,1,-1,1,-1,1,1,1
"10315",-1,-1,-1,1,-1,-1,-1,-1
"10319",0,1,-1,-1,1,1,-1,1
"10323",1,-1,-1,-1,-1,1,1,1
"10325",-1,-1,-1,1,-1,0,-1,-1
"10330",0,-1,-1,1,-1,0,1,-1
"10334",0,1,-1,1,-1,1,1,1
"10335",-1,1,-1,1,-1,0,1,-1
"10336",0,-1,-1,1,-1,1,1,1
"10337",0,-1,-1,1,-1,1,1,1
"10338",0,1,-1,1,-1,0,-1,1
"10339",0,1,-1,1,-1,0,1,1
"10340",0,1,-1,1,-1,1,1,-1
"10342",0,1,-1,1,-1,1,1,1
"10346",-1,-1,-1,1,-1,-1,-1,-1
"10350",0,-1,-1,1,-1,1,1,1
"10353",0,-1,-1,1,-1,0,1,-1
"10358",0,1,-1,1,-1,-1,-1,1
"10359",-1,-1,-1,1,-1,-1,1,-1
"10362",-1,1,1,1,-1,0,-1,-1
"10364",-1,1,0,1,-1,0,-1,-1
"10365",1,1,-1,1,-1,1,1,1
"10366",0,-1,-1,1,-1,1,1,1
"10370",0,-1,-1,1,-1,-1,1,1
"10374",-1,-1,-1,-1,0,0,-1,-1
"10375",0,1,1,1,-1,1,1,1
"10385",0,1,-1,1,-1,0,-1,-1
"10387",0,-1,-1,1,-1,0,1,1
"10391",0,-1,-1,1,1,1,-1,1
"10395",0,1,-1,1,-1,1,1,1
"10397",0,1,1,-1,-1,1,1,1
"10404",0,1,1,1,-1,1,1,1
"10407",1,1,-1,1,1,1,-1,1
"10411",0,-1,-1,1,1,1,-1,1
"10417",-1,-1,-1,-1,-1,0,-1,-1
"10426",-1,-1,-1,1,-1,-1,-1,-1
"10430",-1,1,1,1,-1,-1,-1,-1
"10435",-1,1,-1,1,-1,0,-1,-1
"10436",-1,1,0,1,-1,-1,-1,-1
"10446",-1,1,-1,1,-1,-1,1,-1
"10448",1,-1,-1,1,0,1,-1,1
"10451",0,-1,-1,1,-1,1,-1,-1
"10454",1,1,-1,1,-1,-1,-1,1
"10457",0,1,-1,1,-1,1,1,1
"10469",1,-1,-1,1,-1,1,1,1
"10471",0,-1,-1,1,-1,1,1,-1
"10473",1,1,1,1,1,1,1,1
"10474",0,1,0,-1,-1,1,-1,1
"10475",1,-1,-1,1,1,1,1,1
"10477",0,1,1,-1,-1,1,-1,1
"10480",0,-1,0,1,-1,1,-1,-1
"10484",1,1,-1,1,1,1,1,1
"10488",-1,-1,-1,1,-1,-1,-1,-1
"10495",0,-1,-1,-1,-1,1,-1,-1
"10499",1,1,-1,1,-1,1,-1,1
"10500",0,-1,-1,1,-1,1,-1,-1
"10501",-1,-1,1,1,-1,-1,1,-1
"10503",-1,-1,-1,-1,-1,0,-1,-1
"10508",0,-1,-1,-1,-1,1,-1,1
"10510",-1,-1,-1,-1,-1,0,-1,-1
"10511",0,-1,-1,1,-1,0,1,1
"10515",-1,-1,1,1,-1,0,-1,-1
"10518",0,1,-1,-1,-1,1,1,1
"10521",0,1,1,-1,-1,0,1,1
"10522",-1,-1,-1,1,-1,0,1,-1
"10535",0,-1,-1,-1,-1,1,1,1
"10540",1,-1,1,1,-1,1,1,1
"10544",0,1,0,-1,-1,1,-1,1
"10547",0,-1,-1,-1,-1,1,1,1
"10548",1,1,-1,-1,1,1,-1,1
"10551",1,1,-1,1,-1,1,1,1
"10556",0,1,1,1,1,1,1,1
"10557",1,1,1,1,1,-1,-1,1
"10558",0,1,-1,1,-1,0,-1,-1
"10561",0,1,1,-1,-1,1,-1,1
"10562",0,-1,-1,1,-1,0,1,1
"10565",0,1,-1,1,1,0,0,1
"10566",1,-1,-1,-1,-1,1,1,1
"10568",0,1,1,1,-1,1,1,1
"10569",0,1,-1,-1,-1,1,-1,1
"10570",0,1,1,1,-1,-1,-1,-1
"10574",1,1,-1,1,-1,1,1,1
"10575",1,1,-1,1,-1,1,-1,1
"10580",0,-1,-1,1,-1,-1,1,1
"10584",-1,-1,-1,-1,-1,-1,-1,-1
"10586",0,1,1,-1,-1,0,-1,1
"10597",1,-1,-1,-1,1,1,-1,1
"10602",0,-1,-1,1,-1,1,1,1
"10605",0,1,-1,1,1,1,1,1
"10613",0,1,-1,-1,-1,1,1,1
"10614",1,-1,-1,1,-1,-1,1,-1
"10620",-1,1,-1,1,-1,-1,-1,-1
"10627",0,1,1,1,-1,0,-1,1
"10630",-1,-1,-1,1,-1,-1,1,-1
"10634",-1,-1,0,-1,-1,1,-1,-1
"10637",0,-1,-1,-1,-1,0,-1,-1
"10638",-1,-1,-1,-1,-1,-1,-1,-1
"10640",1,1,-1,1,1,-1,-1,1
"10641",0,1,-1,1,1,1,1,1
"10646",-1,-1,-1,-1,-1,-1,-1,-1
"10648",-1,1,-1,1,-1,-1,-1,-1
"10649",0,1,-1,1,-1,1,1,-1
"10651",-1,1,-1,1,-1,1,1,-1
"10652",0,1,-1,1,-1,1,-1,1
"10654",0,1,-1,1,-1,1,-1,1
"10659",0,1,-1,1,-1,1,1,1
"10662",-1,-1,-1,1,-1,-1,1,-1
"10663",0,-1,-1,1,-1,1,-1,1
"10668",-1,1,-1,1,-1,-1,-1,-1
"10669",0,1,-1,1,-1,-1,-1,1
"10671",1,1,-1,1,-1,1,1,1
"10674",-1,-1,-1,1,-1,0,-1,-1
"10675",-1,-1,-1,1,-1,-1,-1,-1
"10677",-1,1,-1,1,-1,0,1,-1
"10681",-1,-1,-1,-1,-1,0,1,-1
"10688",0,1,-1,-1,-1,0,1,-1
"10689",0,1,-1,1,1,0,1,1
"10695",1,-1,-1,1,1,1,1,1
"10698",0,1,-1,1,-1,0,1,1
"10699",0,1,-1,0,-1,0,-1,-1
"10703",-1,-1,-1,-1,-1,-1,1,-1
"10707",0,1,-1,1,-1,1,1,1
"10711",0,1,-1,1,-1,1,1,1
"10712",-1,1,1,1,-1,1,-1,-1
"10716",0,1,1,1,-1,1,1,1
"10718",-1,-1,-1,1,-1,0,1,-1
"10721",0,1,-1,1,-1,1,-1,1
"10725",0,-1,-1,1,-1,1,1,1
"10731",-1,1,1,1,-1,-1,-1,-1
"10735",-1,-1,-1,1,-1,-1,1,-1
"10738",1,1,0,-1,-1,1,1,1
"10744",-1,-1,0,-1,-1,-1,-1,-1
"10748",0,1,-1,0,-1,1,-1,1
"10751",-1,-1,-1,1,-1,0,-1,-1
"10754",0,1,-1,1,-1,1,-1,1
"10757",-1,1,-1,0,-1,1,1,-1
"10759",1,1,1,1,-1,0,1,1
"10760",1,1,0,1,1,1,1,1
"10764",-1,-1,-1,1,-1,0,-1,-1
"10766",0,1,-1,1,-1,0,-1,-1
"10767",-1,1,-1,1,-1,-1,-1,-1
"10770",-1,-1,-1,-1,-1,-1,-1,-1
"10776",0,1,-1,1,-1,0,-1,-1
"10777",0,1,-1,1,-1,0,1,1
"10778",-1,-1,-1,-1,-1,-1,1,-1
"10780",-1,-1,-1,-1,-1,-1,-1,-1
"10783",0,-1,-1,1,-1,1,-1,1
"10785",-1,1,-1,-1,-1,0,-1,-1
"10794",0,1,-1,1,-1,0,-1,-1
"10795",0,1,-1,1,-1,1,1,1
"10797",0,1,-1,1,-1,1,1,1
"10798",0,-1,-1,1,-1,0,-1,1
"10799",-1,1,-1,1,-1,-1,-1,-1
"10806",0,1,1,1,-1,1,-1,-1
"10807",0,1,1,1,-1,0,1,-1
"10808",0,1,-1,-1,-1,1,-1,1
"10812",0,-1,-1,1,-1,0,-1,-1
"10813",0,0,-1,1,0,0,1,-1
"10816",0,1,-1,-1,-1,1,1,1
"10819",1,1,-1,-1,1,1,-1,1
"10823",-1,-1,-1,1,-1,-1,-1,-1
"10826",-1,1,1,1,-1,0,-1,-1
"10830",1,1,1,1,-1,1,1,1
"10834",0,1,1,1,1,-1,1,1
"10838",-1,1,1,1,-1,1,-1,-1
"10839",0,-1,1,-1,1,1,-1,1
"10845",0,1,-1,-1,-1,1,1,-1
"10849",0,-1,-1,1,-1,-1,-1,-1
"10853",0,1,-1,1,-1,1,-1,1
"10855",0,1,-1,1,-1,1,-1,1
"10859",0,1,-1,1,-1,0,-1,-1
"10867",-1,-1,-1,1,-1,0,-1,-1
"10873",0,1,-1,1,-1,0,-1,-1
"10874",0,1,-1,0,-1,0,1,-1
"10875",0,1,-1,1,-1,1,1,1
"10876",0,1,-1,1,-1,1,-1,1
"10895",1,-1,-1,-1,-1,1,-1,1
"10898",0,1,-1,1,-1,1,-1,1
"10900",0,-1,-1,1,-1,1,1,1
"10902",0,1,1,1,-1,0,1,1
"10906",0,1,1,1,1,1,1,1
"10907",0,1,-1,1,1,1,-1,1
"10914",0,-1,1,-1,-1,-1,1,1
"10916",0,1,1,1,-1,1,1,1
"10917",-1,-1,-1,1,-1,-1,1,-1
"10921",0,1,-1,1,1,1,-1,1
"10924",0,1,1,1,-1,1,-1,1
"10926",0,-1,-1,1,-1,1,1,1
"10930",0,1,-1,1,-1,1,1,1
"10934",0,1,-1,1,-1,1,-1,1
"10937",0,1,1,-1,-1,1,-1,1
"10938",0,1,-1,1,-1,1,1,1
"10945",0,-1,-1,1,0,1,-1,1
"10946",0,1,1,1,-1,1,-1,1
"10950",0,-1,-1,1,-1,1,-1,-1
"10951",1,1,0,1,-1,1,1,1
"10953",0,1,1,-1,-1,0,1,1
"10954",0,1,-1,1,-1,0,-1,-1
"10959",0,1,-1,1,-1,1,1,1
"10962",-1,-1,1,1,-1,-1,-1,-1
"10965",0,-1,-1,1,-1,1,1,1
"10970",0,-1,-1,1,-1,1,1,1
"10976",-1,-1,-1,1,-1,-1,-1,-1
"10986",0,-1,-1,1,0,1,1,-1
"10987",1,-1,-1,1,-1,1,1,1
"10990",0,-1,-1,1,-1,-1,-1,-1
"10997",0,1,-1,1,-1,1,-1,-1
"10999",1,1,-1,1,1,0,1,1
"11001",0,1,-1,1,-1,1,1,1
"11003",0,-1,-1,1,-1,-1,-1,-1
"11005",-1,-1,-1,1,-1,-1,0,-1
"11014",-1,-1,-1,-1,-1,1,-1,-1
"11015",0,-1,-1,1,-1,1,-1,-1
"11016",1,-1,-1,1,-1,-1,-1,1
"11018",-1,-1,-1,1,-1,0,0,-1
"11023",0,1,-1,1,1,1,-1,1
"11025",0,-1,1,1,-1,1,-1,1
"11026",1,-1,-1,1,1,1,1,1
"11028",0,1,1,1,-1,1,-1,1
"11031",0,1,1,1,-1,1,-1,1
"11033",1,-1,-1,1,-1,1,-1,1
"11034",0,-1,-1,1,-1,-1,-1,-1
"11043",-1,1,-1,1,-1,-1,1,-1
"11044",1,1,-1,1,-1,1,-1,1
"11046",0,0,-1,1,-1,1,-1,1
"11054",-1,-1,-1,1,-1,-1,-1,-1
